learning evaluation instances,evaluation time (cpu seconds),model cost (RAM-Hours),classified instances,AUC,sAUC,Accuracy,Kappa,Periodical holdout AUC,Pos/Neg ratio,G-Mean,Recall,KappaM,model training instances,model serialized size (bytes)
1000.0,1.039350935,4.928004834938174E-7,1000.0,0.5,0.0,0.721,0.0,0.0,0.3869625520110957,0.0,0.0,0.0,1000.0,1832976.0
2000.0,3.266681836,1.4423703611874415E-6,2000.0,0.7416131585479513,0.45789827116983767,0.812,0.5078044412794991,0.5,0.447178002894356,0.6923025885576438,0.5048543689320388,0.3605442176870751,2000.0,1647952.0
3000.0,5.364513561,5.471279947414629E-6,3000.0,0.9893809099713353,0.8395402122728156,0.936,0.8538699351091181,0.7416131585479513,0.40646976090014064,0.9539318294838426,1.0,0.7810718358038771,3000.0,4639328.0
4000.0,7.465735471,8.333386133463316E-6,4000.0,0.9886739005413524,0.8067396518348748,0.937,0.8587038432554636,0.9893809099713353,0.43061516452074394,0.9538717128813461,1.0,0.7860780984719866,4000.0,5265216.0
5000.0,9.815606629,9.900382488646043E-6,5000.0,0.9842776998597476,0.7997042896055513,0.938,0.8626373626373625,0.9886739005413524,0.4492753623188406,0.9540151610620409,1.0,0.7916666666666665,5000.0,2577664.0
6000.0,11.842639286,1.7458119734028713E-5,6000.0,0.9863051470588236,0.7894051055554735,0.933,0.8539031836022679,0.9842776998597476,0.47058823529411764,0.9487462702398981,0.996875,0.7776548672566373,6000.0,1.0464816E7
7000.0,14.04270371,3.249732029560917E-5,7000.0,0.9914152838857432,0.8147257771605507,0.95,0.887927053960882,0.9863051470588236,0.447178002894356,0.9631412668218937,1.0,0.8346717052432686,7000.0,2.521936E7
8000.0,16.939914337,6.300222817634288E-5,8000.0,0.986431407484039,0.8057053627522588,0.948,0.8814663524005342,0.9914152838857432,0.422475106685633,0.9623051981842077,1.0,0.8276719138359567,8000.0,3.5809136E7
9000.0,19.97507332,9.800767777618159E-5,9000.0,0.9833539282153063,0.774013555826634,0.924,0.831017231795442,0.986431407484039,0.42653352353780316,0.9442369682506224,1.0,0.747880575009215,9000.0,4.4581696E7
10000.0,23.506964938,1.2418509007161346E-4,10000.0,0.986862471944896,0.8034126468115856,0.943,0.8696201141853315,0.9833539282153063,0.4124293785310734,0.9589012073325014,1.0,0.8103161397670547,10000.0,2.8649808E7
11000.0,26.038726505,1.5341308683348209E-4,11000.0,0.9868282256273595,0.7815673055247131,0.941,0.870044052863436,0.986862471944896,0.4619883040935672,0.9558988911273407,1.0,0.8045769346582353,11000.0,3.6486496E7
12000.0,28.963022814,1.9015605468221148E-4,12000.0,0.9919865219091387,0.7964566252960621,0.939,0.8612235983583433,0.9868282256273595,0.4144271570014144,0.9558869930190041,1.0,0.797454344216934,12000.0,4.856856E7
13000.0,32.212648758,2.44327787981023E-4,13000.0,0.9854929413491665,0.7853239194013031,0.933,0.8426506092004773,0.9919865219091387,0.3717421124828532,0.9529392837236005,1.0,0.775804375804376,13000.0,4.2705968E7
14000.0,35.908702039,2.9295725415218676E-4,14000.0,0.9853741688798479,0.7832414206872336,0.934,0.8534427627371564,0.9854929413491665,0.4409221902017291,0.9512618648125688,1.0,0.7795275590551183,14000.0,5.0858512E7
15000.0,39.207304615,3.4999992150685556E-4,15000.0,0.9889566386338715,0.7810550217107188,0.938,0.8644506534790269,0.9853741688798479,0.4727540500736377,0.9525369322486676,0.9968847352024922,0.7938829787234041,15000.0,3.491016E7
16000.0,42.400074152,3.919618244320874E-4,16000.0,0.9836764189092205,0.7842477162089392,0.934,0.847570129288245,0.9889566386338715,0.3908205841446453,0.9529983428351035,1.0,0.779678698101398,16000.0,5.0803072E7
17000.0,45.567727926,4.466367430518501E-4,17000.0,0.9844803435456744,0.7927133106029481,0.939,0.8607738236529295,0.9836764189092205,0.4104372355430183,0.9560142931106606,1.0,0.7960267505900863,17000.0,3.8348896E7
18000.0,48.767423529,4.886963489005759E-4,18000.0,0.9915283055132545,0.8095949639857355,0.95,0.883046954308784,0.9844803435456744,0.3947001394700139,0.9645024587975395,1.0,0.8323085522638344,18000.0,5.0811136E7
19000.0,51.947627542,5.436370947579595E-4,19000.0,0.9823699838627918,0.784052744783626,0.934,0.8548640339882045,0.9915283055132545,0.4556040756914119,0.9507524025761738,1.0,0.7792253521126762,19000.0,4.0276096E7
20000.0,55.185009947,5.86206722021502E-4,20000.0,0.9896875106458568,0.7755947652894996,0.938,0.8581631672622287,0.9823699838627918,0.40646976090014064,0.9554050841523669,1.0,0.7922600100519348,20000.0,5.0828608E7
21000.0,58.18240106,6.379900002156795E-4,21000.0,0.986476050554708,0.7911767063180634,0.943,0.8719941072374979,0.9896875106458568,0.4409221902017291,0.9564158668652417,0.9934640522875817,0.809243027888446,21000.0,3.8357872E7
22000.0,61.457315142,6.810639637475563E-4,22000.0,0.9910644891890457,0.7747312598765136,0.949,0.8826474730089187,0.986476050554708,0.4144271570014144,0.9623445550782042,0.9965870307167235,0.829171741778319,22000.0,5.0841376E7
23000.0,64.525683899,7.340742601309553E-4,23000.0,0.9905845560102472,0.7980206716701171,0.952,0.8908847879755035,0.9910644891890457,0.43061516452074394,0.9650546472107184,1.0,0.8392779152715095,23000.0,3.5012992E7
24000.0,67.674905047,7.755092567072411E-4,24000.0,0.9906631233927643,0.7835463667353617,0.932,0.847715963398084,0.9905845560102472,0.42653352353780316,0.9502608696560274,1.0,0.7723214285714287,24000.0,5.0858848E7
25000.0,70.800403479,8.2945791635708E-4,25000.0,0.9924965337248185,0.7989869714636377,0.953,0.8865172880046358,0.9906631233927643,0.366120218579235,0.9673636078159938,1.0,0.8419849381387842,25000.0,4.2980576E7
26000.0,74.08959266,8.727473690293279E-4,26000.0,0.9876361161524501,0.7760942180946468,0.933,0.8509229427366098,0.9924965337248185,0.4367816091954023,0.9506501102844874,1.0,0.774935400516796,26000.0,5.0873968E7
27000.0,77.076823278,9.243938027217269E-4,27000.0,0.983104684333008,0.7627453421649445,0.934,0.8538581449727203,0.9876361161524501,0.44508670520231214,0.9511173836370815,1.0,0.7785785288270379,27000.0,3.493032E7
28000.0,80.230669153,9.658701836877247E-4,28000.0,0.990852284969932,0.7821707049883204,0.944,0.8704830980442947,0.983104684333008,0.4005602240896359,0.9599836599916586,1.0,0.8118550515958721,28000.0,5.0834992E7
29000.0,83.392167153,0.001020459187101036,29000.0,0.9833899032459426,0.7850318237679893,0.93,0.8408338487284899,0.990852284969932,0.4044943820224719,0.9495711628195261,1.0,0.7645557875202971,29000.0,3.8412224E7
30000.0,86.58584665,0.0010624621980293743,30000.0,0.9901520048578872,0.7758322106048094,0.94,0.8617791784154364,0.9833899032459426,0.4005602240896359,0.9570613285232152,1.0,0.7979344409519532,30000.0,5.0838352E7
31000.0,89.71175656,0.0011164318175831047,31000.0,0.9873268943268549,0.7700662748713593,0.943,0.8678450866194308,0.9901520048578872,0.39664804469273746,0.9593701378782403,1.0,0.8077676240208875,31000.0,4.24372E7
32000.0,92.990107269,0.0011595373036950014,32000.0,0.9814723676295866,0.7697206200512097,0.925,0.8274211659886237,0.9873268943268549,0.3869625520110957,0.9455942099887548,0.996415770609319,0.7465948685460883,32000.0,5.0825248E7
33000.0,96.27369275,0.0012162260919504695,33000.0,0.9875643726591761,0.7739894659635769,0.937,0.8557771551013682,0.9814723676295866,0.4044943820224719,0.9547339178706202,1.0,0.7869658776513989,33000.0,3.49404E7
34000.0,99.421553708,0.0012576568733524093,34000.0,0.9838930529248708,0.7824501186877215,0.937,0.8582753687090012,0.9875643726591761,0.42653352353780316,0.9540064926493521,1.0,0.7870351958639891,34000.0,5.0875648E7
35000.0,102.672016976,0.00131386170034396,35000.0,0.9889816547585157,0.7893320534249744,0.94,0.8670324751018309,0.9838930529248708,0.4513788098693759,0.9554670436011058,1.0,0.7974732375349598,35000.0,3.8629648E7
36000.0,105.460530142,0.0013505619323281883,36000.0,0.9862063019957756,0.8049533885774299,0.934,0.8514777959304918,0.9889816547585157,0.422475106685633,0.9519015931065292,1.0,0.7772360772548286,36000.0,5.0874304E7
37000.0,108.324565467,0.001400064741856685,37000.0,0.9862571428571428,0.7785885026873444,0.937,0.858490566037736,0.9862063019957756,0.42857142857142855,0.9539392014169457,1.0,0.7874338865584536,37000.0,4.157696E7
38000.0,111.214036655,0.0014380997323675917,38000.0,0.9882060506013864,0.7685994217350384,0.928,0.8393366388332271,0.9862571428571428,0.42653352353780316,0.9472537074645199,1.0,0.7571238348868178,38000.0,5.0882368E7
39000.0,113.984185055,0.0014860344328244842,39000.0,0.9863335130164569,0.7982586258508446,0.945,0.8805199770598354,0.9882060506013864,0.4903129657228018,0.9581402751608169,1.0,0.8149905123339657,39000.0,3.495048E7
40000.0,117.118903459,0.001527287060498026,40000.0,0.9848889404844826,0.7786415619218205,0.947,0.8783063923585598,0.9863335130164569,0.4124293785310734,0.9618426289876391,1.0,0.8216389029109876,40000.0,5.0869264E7
41000.0,120.153970132,0.0015797236004235302,41000.0,0.9835211267605634,0.7646158518239147,0.927,0.8350133345387154,0.9848889404844826,0.4084507042253521,0.9471974971417256,1.0,0.7541885676741132,41000.0,3.8368624E7
42000.0,123.370908926,0.0016220258046619343,42000.0,0.9861907059982707,0.7779864557479924,0.929,0.8348606782341723,0.9835211267605634,0.3774104683195592,0.9498441223428775,1.0,0.7604819277108434,42000.0,5.0830288E7
43000.0,126.550613799,0.0016769543343671403,43000.0,0.9903073521125427,0.7995398555942528,0.956,0.8999358679881195,0.9861907059982707,0.4347202295552367,0.9679216445041249,1.0,0.8516427507253194,43000.0,3.6033824E7
44000.0,129.635492223,0.0017175770825212408,44000.0,0.9897628213323485,0.7871320792396175,0.934,0.8528053953513269,0.9903073521125427,0.4347202295552367,0.9514769912348665,1.0,0.7775735294117648,44000.0,5.0901856E7
45000.0,132.482329017,0.0017668254377327128,45000.0,0.9877087489710786,0.7822053903401599,0.933,0.8527860783969065,0.9897628213323485,0.4556040756914119,0.9499865930257518,1.0,0.7744782706260754,45000.0,4.0266736E7
46000.0,135.525944786,0.00180689450704558,46000.0,0.9900856111793612,0.7657208405892824,0.939,0.8618834568080134,0.9877087489710786,0.42045454545454547,0.955694654545725,1.0,0.7946578851079398,46000.0,5.0888752E7
47000.0,138.63886791,0.0018606918589874311,47000.0,0.9883292860611947,0.7888907171728792,0.945,0.8735341457806391,0.9900856111793612,0.4084507042253521,0.9604869656937598,1.0,0.8147617341454674,47000.0,3.6579184E7
48000.0,141.753052377,0.001901681299882227,48000.0,0.9903545410393395,0.7740731270249337,0.943,0.8691880479184834,0.9883292860611947,0.4084507042253521,0.9590194522840269,1.0,0.8079326079326078,48000.0,5.0878E7
49000.0,144.857062747,0.0019553518730777947,49000.0,0.9846290025711998,0.7802067116435405,0.943,0.8729980481805298,0.9903545410393395,0.447178002894356,0.9578678686724081,1.0,0.8080939947780678,49000.0,4.1426512E7
50000.0,147.883989641,0.001995191762084273,50000.0,0.9909341838327091,0.8030719090106613,0.954,0.8929276377043684,0.9846290025711998,0.4044943820224719,0.9671573080047352,1.0,0.8450343619458293,50000.0,5.0876656E7
51000.0,151.012561277,0.002049285929460426,51000.0,0.9822779237444911,0.8038565659088985,0.946,0.8793743549878703,0.9909341838327091,0.447178002894356,0.9601314430033551,1.0,0.8182298198138734,51000.0,3.6835856E7
52000.0,154.164922372,0.002090815945769281,52000.0,0.9847286264224375,0.7899353284449475,0.935,0.8557453305873164,0.9822779237444911,0.443001443001443,0.9519479535168434,1.0,0.7813429939190065,52000.0,5.0924704E7
53000.0,157.393675711,0.0021466824256284284,53000.0,0.9826057634215222,0.7753300545581029,0.937,0.8603426260906577,0.9847286264224375,0.447178002894356,0.9533245962512745,1.0,0.7882285786769837,53000.0,3.678096E7
54000.0,160.281815752,0.0021847322789172127,54000.0,0.9890423989000019,0.8070268088538807,0.956,0.9004074241738342,0.9826057634215222,0.4409221902017291,0.9677806691761951,1.0,0.8521744540533813,54000.0,5.0925712E7
55000.0,163.514886547,0.0022406447978399473,55000.0,0.9844915303231774,0.7819947766060725,0.932,0.8465510082501401,0.9890423989000019,0.4164305949008499,0.9506222801653358,1.0,0.7714914156534491,55000.0,4.2124384E7
56000.0,166.872941507,0.0022848373912827792,56000.0,0.9944911625973203,0.7951505776637439,0.942,0.8646775826749974,0.9844915303231774,0.3908205841446453,0.9578343445455119,0.99644128113879,0.8049014896684284,56000.0,5.0870272E7
57000.0,170.086827023,0.002340344649018992,57000.0,0.9862847222222222,0.7876240516431396,0.93,0.838709677419355,0.9944911625973203,0.3888888888888889,0.950146187582615,1.0,0.7642958412098301,57000.0,3.542912E7
58000.0,173.328576759,0.00238308441766859,58000.0,0.9953507427303568,0.7944490985423455,0.945,0.8789580710758206,0.9862847222222222,0.4684287812041116,0.958768176898761,1.0,0.8150402968632224,58000.0,5.0963008E7
59000.0,176.577775723,0.0024393269762223073,59000.0,0.9904387855414398,0.7765716055952075,0.944,0.8741912293314161,0.9953507427303568,0.4367816091954023,0.9589266029707683,1.0,0.8117486183123467,59000.0,4.0174032E7
60000.0,180.843129723,0.0024955554403718254,60000.0,0.989869076584405,0.7870739412447425,0.944,0.8761801578702986,0.9904387855414398,0.45985401459854014,0.9582526677147744,1.0,0.8119332810925779,60000.0,5.095696E7
61000.0,186.557782078,0.002594479148409661,61000.0,0.9909025223331581,0.7861250579003314,0.944,0.8749374687343671,0.989869076584405,0.44508670520231214,0.9586840691847709,1.0,0.8120391768460437,61000.0,3.5505728E7
62000.0,191.867744458,0.0026643278004487747,62000.0,0.988815140692143,0.7789128460373317,0.929,0.8327475571720675,0.9909025223331581,0.36425648021828105,0.9503356196126198,1.0,0.7612927715416736,62000.0,5.0847424E7
63000.0,197.093910912,0.0027546347407904495,63000.0,0.9780843542044767,0.756290254021442,0.921,0.8260432998044639,0.988815140692143,0.4367816091954023,0.9415382376056551,1.0,0.734489197119232,63000.0,4.545496E7
64000.0,201.116041797,0.0028076198319688453,64000.0,0.9913166755272018,0.7940577959359354,0.955,0.8965612357484368,0.9780843542044767,0.422475106685633,0.9665685847324396,0.9966329966329966,0.8487553828379371,64000.0,5.0921344E7
65000.0,206.996295295,0.0029093560049452327,65000.0,0.9885096839576608,0.7926247462221431,0.938,0.8620112527597749,0.9913166755272018,0.44508670520231214,0.9533567852451542,0.9967532467532467,0.7917312661498707,65000.0,3.499416E7
66000.0,211.0785864,0.002963147094228399,66000.0,0.9846387102600298,0.7632151629548225,0.935,0.8544780463341901,0.9885096839576608,0.43061516452074394,0.952370733646384,1.0,0.7816904992112362,66000.0,5.0934112E7
67000.0,219.096088701,0.003101823565772195,67000.0,0.9846135352806827,0.776752345355731,0.942,0.8678544576336833,0.9846387102600298,0.41843971631205673,0.9570962214242364,0.9966101694915255,0.8051739697182391,67000.0,4.1063824E7
68000.0,223.557962064,0.0031606174567785535,68000.0,0.9911761904761904,0.7810052392328228,0.95,0.8863636363636362,0.9846135352806827,0.42857142857142855,0.9636241116594315,1.0,0.8320655932035956,68000.0,5.093512E7
69000.0,231.831715832,0.003303919697795164,69000.0,0.9863851857854856,0.8002128140979741,0.95,0.891521775918702,0.9911761904761904,0.4992503748125937,0.9617886884650757,1.0,0.8323533699402301,69000.0,3.5219632E7
70000.0,237.883324169,0.0033836482995356467,70000.0,0.9806370958047842,0.7742423148715561,0.914,0.8090543750971381,0.9863851857854856,0.41843971631205673,0.9361898827556874,0.9966101694915255,0.7116029510395709,70000.0,5.092672E7
71000.0,241.655394862,0.0034489084786257333,71000.0,0.9916216534968746,0.781387404704672,0.938,0.8616472898489277,0.9806370958047842,0.43884892086330934,0.9543539002416633,1.0,0.7921526039945227,71000.0,4.2882E7
72000.0,244.995071759,0.003492892597593207,72000.0,0.9894957983193278,0.7925539757142441,0.943,0.868300662655613,0.9916216534968746,0.4005602240896359,0.9592539117600151,1.0,0.8088050314465407,72000.0,5.0908912E7
73000.0,247.956163597,0.003544110281083259,73000.0,0.9884302424139685,0.7973117668285536,0.95,0.8874198429281648,0.9894957983193278,0.4409221902017291,0.9633036335911505,1.0,0.8323457810849294,73000.0,3.5186208E7
74000.0,250.768981599,0.003581170003303139,74000.0,0.9898045387181331,0.7794187481579363,0.932,0.8463117069797087,0.9884302424139685,0.4144271570014144,0.9506939325166138,1.0,0.7719361856417696,74000.0,5.0928736E7
75000.0,253.524971404,0.0036288072394983504,75000.0,0.9874449470894199,0.768023031923509,0.94,0.8598366629912724,0.9898045387181331,0.3850415512465374,0.9575476525610659,1.0,0.798585623489392,75000.0,4.3668096E7
76000.0,256.57548702,0.0036690087753230693,76000.0,0.9908473066367803,0.7881118852206432,0.948,0.8808044780840695,0.9874449470894199,0.422475106685633,0.9596362659919779,0.98989898989899,0.8254339856000705,76000.0,5.0941504E7
77000.0,259.531257102,0.003720162927731526,77000.0,0.9915030778470085,0.8064041862074681,0.939,0.8643528072297729,0.9908473066367803,0.44508670520231214,0.9549082212352447,1.0,0.7953109338911403,77000.0,4.0528496E7
78000.0,262.659499306,0.003761420061963264,78000.0,0.9920756932021467,0.8103332986658927,0.952,0.8927038626609441,0.9915030778470085,0.45348837209302323,0.9644856443408242,1.0,0.8390300528827549,78000.0,5.0980144E7
79000.0,265.569225539,0.0038118135227171498,79000.0,0.9884279964221825,0.7815670007714227,0.949,0.8862845828650933,0.9920756932021467,0.45348837209302323,0.9622224758460258,1.0,0.8290696194476261,79000.0,3.5375088E7
80000.0,268.428839419,0.003849518131380682,80000.0,0.9905743601839839,0.7861707564474838,0.949,0.8850937274693582,0.9884279964221825,0.43884892086330934,0.9626103599255367,1.0,0.8291171050427205,80000.0,5.096704E7
81000.0,271.417793456,0.0039012335927169346,81000.0,0.9905973773676542,0.7956057820374036,0.953,0.8910877323075496,0.9905743601839839,0.4084507042253521,0.9663347333617934,1.0,0.8424646197136472,81000.0,4.3465248E7
82000.0,274.748673332,0.003945130517027519,82000.0,0.9825489618683955,0.7501898388752769,0.93,0.8420869784922466,0.9905973773676542,0.4144271570014144,0.9492049826090785,1.0,0.765321558526514,82000.0,5.0942176E7
83000.0,277.95538265,0.004000622263272091,83000.0,0.9821394032315132,0.7533575645031206,0.926,0.8365760473487778,0.9825489618683955,0.43884892086330934,0.9452646083801695,1.0,0.7519786787271847,83000.0,3.5499072E7
84000.0,281.073192056,0.004041715786478031,84000.0,0.9911834422154131,0.784129833556859,0.937,0.8571700628451725,0.9821394032315132,0.4164305949008499,0.9543400193438639,1.0,0.7888099608907336,84000.0,5.0947888E7
85000.0,284.070738646,0.0040935906006691405,85000.0,0.9858354128856625,0.7961838621032347,0.94,0.8656780571674187,0.9911834422154131,0.4367816091954023,0.9559252603882146,1.0,0.7989117577478114,85000.0,4.2398864E7
86000.0,287.012387626,0.004132395269602744,86000.0,0.987912954605911,0.7662126610097264,0.929,0.8440917355444494,0.9858354128856625,0.4513788098693759,0.9470755537438786,1.0,0.7621625832586766,86000.0,5.0991232E7
87000.0,290.198070148,0.004187520934209412,87000.0,0.9870485089522008,0.7829149356831449,0.931,0.8416588643498376,0.987912954605911,0.3947001394700139,0.9506659194357232,1.0,0.76872399445215,87000.0,3.7621552E7
88000.0,293.437377217,0.004230247082063457,88000.0,0.988568796386386,0.7995551992263606,0.947,0.8811552605614852,0.9870485089522008,0.443001443001443,0.9609999602085962,1.0,0.8224117579865208,88000.0,5.0985184E7
89000.0,296.709802578,0.0042869582432712005,89000.0,0.9892113095238095,0.7827290285782446,0.947,0.8845476883397521,0.988568796386386,0.4880952380952381,0.9597556732736474,1.0,0.8226091534729795,89000.0,4.1523984E7
90000.0,300.057080649,0.0043310971709092285,90000.0,0.9888142857142858,0.7972104484760651,0.949,0.8841961852861034,0.9892113095238095,0.42857142857142855,0.9628825770273638,1.0,0.8293109218697704,90000.0,5.097208E7
91000.0,303.258459498,0.004386501961206093,91000.0,0.9880610650318548,0.7871983155198027,0.93,0.8425728100753402,0.9888142857142858,0.41843971631205673,0.9490570161260893,1.0,0.7656882218789085,91000.0,3.6408608E7
92000.0,306.495188059,0.004429152459346168,92000.0,0.985441893243836,0.7927489505109011,0.935,0.8502414568511079,0.9880610650318548,0.3947001394700139,0.9535955594141833,1.0,0.7823000473260768,92000.0,5.0935456E7
93000.0,309.759266354,0.0044856173923048725,93000.0,0.9899520067305302,0.7769186748818612,0.949,0.8838258207364076,0.985441893243836,0.42450142450142453,0.9629903568314833,1.0,0.8291857240609355,93000.0,4.3450384E7
94000.0,312.809040198,0.004525820021580724,94000.0,0.9900194269062652,0.7923757044124078,0.946,0.8757134965936291,0.9899520067305302,0.4084507042253521,0.9612198822183357,1.0,0.819082581886873,94000.0,5.095528E7
95000.0,315.685729467,0.004575614060514485,95000.0,0.9885264934124869,0.7967712769682481,0.948,0.8832966016868129,0.9900194269062652,0.443001443001443,0.9617504483824924,1.0,0.8258355662106894,95000.0,3.6031072E7
96000.0,318.447841625,0.004612057337848935,96000.0,0.9850283387133099,0.7741100916983585,0.938,0.8620112527597749,0.9885264934124869,0.44508670520231214,0.9533567852451542,0.9967532467532467,0.7924107142857141,96000.0,5.1000976E7
97000.0,321.483222462,0.004664626743048909,97000.0,0.9890762390442774,0.8005354982556757,0.942,0.8697314221285884,0.9850283387133099,0.4347202295552367,0.95748954390416,1.0,0.8058326143226918,97000.0,4.1867056E7
98000.0,324.468216291,0.004703960641766124,98000.0,0.9867965142002098,0.7908714432725057,0.933,0.844882990841151,0.9890762390442774,0.3869625520110957,0.9524040681429582,1.0,0.7755520612565805,98000.0,5.0936128E7
99000.0,327.704616361,0.004759961119412183,99000.0,0.9863285764830758,0.7918767671634929,0.941,0.8679971362090566,0.9867965142002098,0.43884892086330934,0.9566127292008322,1.0,0.8023952095808382,99000.0,3.8282208E7
100000.0,330.738253883,0.004799994019146805,100000.0,0.9850786112711281,0.7802575129008311,0.941,0.8685418393447589,0.9863285764830758,0.447178002894356,0.9555621740457158,0.9967637540453075,0.8024641757064415,100000.0,5.1010048E7
101000.0,333.655035953,0.004850534019254887,101000.0,0.9896387032567397,0.7975267995682387,0.946,0.8800687605772689,0.9850786112711281,0.4556040756914119,0.9598944629034297,1.0,0.8192902819654748,101000.0,3.8914448E7
102000.0,336.817112097,0.004892239574646271,102000.0,0.9877005912162162,0.7764388605758428,0.922,0.826122623675857,0.9896387032567397,0.42045454545454547,0.9429764288965793,1.0,0.7389506841224532,102000.0,5.0982832E7
103000.0,339.970223305,0.004946869590615172,103000.0,0.9883380054599754,0.7710152905058445,0.949,0.8878598379904482,0.9877005912162162,0.4749262536873156,0.9616541795582999,1.0,0.8294425143673494,103000.0,3.5058E7
104000.0,343.091708729,0.004988070986001129,104000.0,0.9855375468431344,0.7946990646440248,0.938,0.8628300375668703,0.9883380054599754,0.4513788098693759,0.9539468086786069,1.0,0.7927354548376726,104000.0,5.1021472E7
105000.0,346.244545863,0.005042679810105448,105000.0,0.9850999324683535,0.7764212320460954,0.938,0.8599673859524701,0.9855375468431344,0.422475106685633,0.9548856179592877,1.0,0.7927213678479318,105000.0,3.8132048E7
106000.0,348.995845886,0.005078992389873177,106000.0,0.9893119885894452,0.8030282313160122,0.94,0.8664625026707499,0.9850999324683535,0.44508670520231214,0.9556645843013444,1.0,0.7994639760365756,106000.0,5.1017776E7
107000.0,352.084304919,0.0051324925938907705,107000.0,0.989738894476176,0.7871474287953326,0.936,0.8568027637066605,0.9893119885894452,0.4326647564469914,0.9530527034678579,1.0,0.7861136271355844,107000.0,4.0744448E7
108000.0,355.285903718,0.005174700501251298,108000.0,0.9923052608704241,0.8040085989086561,0.949,0.8806146240062922,0.989738894476176,0.39275766016713093,0.963830565676082,1.0,0.8294684045945694,108000.0,5.0959984E7
109000.0,358.299899286,0.0052268345647399645,109000.0,0.9892479450374188,0.7915852031016,0.949,0.8812517462978484,0.9923052608704241,0.3986013986013986,0.9636759458818761,1.0,0.8293947949914067,109000.0,3.8001632E7
110000.0,361.306701694,0.0052664861576889686,110000.0,0.9887651431112588,0.8013327147196854,0.942,0.8663502085397606,0.9892479450374188,0.40252454417952316,0.9584641758759623,1.0,0.8059079431717926,110000.0,5.0975104E7
111000.0,364.067260442,0.005314253958796706,111000.0,0.9896047771305096,0.7803443126805715,0.943,0.8689691318860168,0.9887651431112588,0.40646976090014064,0.9590783198616742,1.0,0.8091978287092881,111000.0,4.1382256E7
112000.0,367.365957445,0.005357775783718835,112000.0,0.9889722819410319,0.7989097075577628,0.939,0.8616278014699209,0.9896047771305096,0.42045454545454547,0.9548205479930659,0.9966216216216216,0.7957914873266377,112000.0,5.0999632E7
113000.0,370.539986581,0.0054127433876972894,113000.0,0.9890557695591947,0.8051557827140112,0.953,0.8932313200243522,0.9889722819410319,0.4326647564469914,0.9657456996782287,1.0,0.8426743290479293,113000.0,3.7899312E7
114000.0,373.606476201,0.005453176229473836,114000.0,0.9839783408153872,0.7765681688406251,0.934,0.847570129288245,0.9890557695591947,0.3908205841446453,0.9529983428351035,1.0,0.7789594288903906,114000.0,5.0967712E7
115000.0,376.537461302,0.005503928445382171,115000.0,0.9916098315444246,0.7841038496120494,0.934,0.8546665257372372,0.9839783408153872,0.45348837209302323,0.9508258344417554,1.0,0.7790457337486537,115000.0,4.2768768E7
116000.0,379.891336433,0.005548153490650184,116000.0,0.9843495562737887,0.7856932429054817,0.946,0.8734930444601666,0.9916098315444246,0.3908205841446453,0.9607237458133986,0.99644128113879,0.819126819126819,116000.0,5.0971072E7
117000.0,382.74488518,0.005597555164159793,117000.0,0.990116759051775,0.8009158930987295,0.947,0.8805875991348232,0.9843495562737887,0.43884892086330934,0.9602845825783528,0.9967213114754099,0.8225090877865872,117000.0,3.6637648E7
118000.0,385.76763889,0.005637411068440147,118000.0,0.9872805356822575,0.7755164474062195,0.937,0.8529809855407967,0.990116759051775,0.3850415512465374,0.9543789581080817,0.9964028776978417,0.7888967769416444,118000.0,5.0967376E7
119000.0,389.008373522,0.005693508802383532,119000.0,0.9838392734538877,0.7670737785815182,0.942,0.8697314221285884,0.9872805356822575,0.4347202295552367,0.95748954390416,1.0,0.8056759952700038,119000.0,4.3351872E7
120000.0,392.375712262,0.005737956165405335,120000.0,0.9888142857142858,0.785882453332534,0.947,0.8798730734360833,0.9838392734538877,0.42857142857142855,0.9613977919080708,1.0,0.8224356468814561,120000.0,5.102248E7
121000.0,395.595655525,0.005793690918015904,121000.0,0.9901901193726459,0.7772102308798547,0.934,0.8467738939861076,0.9888142857142858,0.3850415512465374,0.9531984355934122,1.0,0.7787566489361704,121000.0,4.0282048E7
122000.0,398.812219661,0.005836109819311582,122000.0,0.9879746866906278,0.7827176575129056,0.929,0.8362923679963109,0.9901901193726459,0.3869625520110957,0.9494870503630959,1.0,0.7618694158075603,122000.0,5.0976448E7
123000.0,401.999622995,0.00589133064735586,123000.0,0.9914163286398288,0.7835551632691243,0.951,0.8922337954817369,0.9879746866906278,0.4771048744460857,0.9631312792927773,1.0,0.8357676167638562,123000.0,3.5320112E7
124000.0,405.038749155,0.005931469526756423,124000.0,0.988494623655914,0.7912426667060315,0.946,0.8795503211991433,0.9914163286398288,0.4492753623188406,0.9600724610334277,1.0,0.819066147859922,124000.0,5.105272E7
125000.0,408.066487457,0.005983939732647978,125000.0,0.9907728567407287,0.8074637203453543,0.94,0.8646569730983176,0.988494623655914,0.42653352353780316,0.9562468240928864,1.0,0.798965341624896,125000.0,4.1934672E7
126000.0,411.29536945,0.006026552231325083,126000.0,0.9862239764724092,0.796471734610628,0.942,0.8674588665447897,0.9907728567407287,0.4124293785310734,0.9581644410252333,1.0,0.8056331285406525,126000.0,5.1013744E7
127000.0,414.017835699,0.006073683137088573,127000.0,0.9892362539421363,0.7961712521232699,0.939,0.8596139152528329,0.9862239764724092,0.4005602240896359,0.9563293503446039,1.0,0.7955127359113104,127000.0,3.9690768E7
128000.0,416.807771264,0.006110501761515082,128000.0,0.9906799417192812,0.7793457158069533,0.941,0.8648586742406889,0.9892362539421363,0.4084507042253521,0.9575496898076382,1.0,0.8021741977734117,128000.0,5.10124E7
129000.0,419.830151401,0.006162805288184144,129000.0,0.9884848666826808,0.7894193238493389,0.95,0.8815300629312305,0.9906799417192812,0.3812154696132597,0.964851919477459,1.0,0.832254037606304,129000.0,3.9871648E7
130000.0,423.246859879,0.006207942027624189,130000.0,0.990451700819959,0.7868741351103641,0.943,0.8733626006434068,0.9884848666826808,0.4513788098693759,0.9577428714626101,1.0,0.8088333935297455,130000.0,5.1065152E7
131000.0,426.484821429,0.006264079572874125,131000.0,0.9869328134712098,0.8011996889405568,0.954,0.8960630490582407,0.990451700819959,0.4409221902017291,0.9662906287710341,1.0,0.8457561175386504,131000.0,4.182072E7
132000.0,429.653973878,0.006305902425946502,132000.0,0.9816645571785311,0.7884914790374079,0.943,0.8685254553171072,0.9869328134712098,0.40252454417952316,0.9591955488750806,1.0,0.8088171769787826,132000.0,5.1012064E7
133000.0,432.747994846,0.0063594868748212035,133000.0,0.9876814088223485,0.780118521731806,0.95,0.885998832628046,0.9816645571785311,0.42450142450142453,0.9637296969456367,1.0,0.8322951605174891,133000.0,3.6696E7
134000.0,435.481669777,0.006395620059694128,134000.0,0.9901746323529412,0.7862401293269385,0.942,0.872829328188037,0.9876814088223485,0.47058823529411764,0.9564025733721868,1.0,0.8055687589122656,134000.0,5.109304E7
135000.0,438.203337094,0.006442806214865473,135000.0,0.9860043167408606,0.7798492439344108,0.936,0.8550383242430284,0.9901746323529412,0.4164305949008499,0.9535976310406531,1.0,0.7854322397993395,135000.0,4.1039728E7
136000.0,441.096811398,0.006481038266778489,136000.0,0.9958512033377046,0.7993152811194522,0.958,0.905497779197811,0.9860043167408606,0.4513788098693759,0.9690418411944276,1.0,0.8592340677214253,136000.0,5.1075232E7
137000.0,444.335217059,0.006537140724727901,137000.0,0.9815972222222222,0.7661445645655693,0.931,0.8408524771657903,0.9958512033377046,0.3888888888888889,0.9508767883730608,1.0,0.7686377208869746,137000.0,3.8947552E7
138000.0,447.381571573,0.0065774251188388255,138000.0,0.9898532746250074,0.7995693330061237,0.945,0.8802191771275251,0.9815972222222222,0.48588410104011887,0.9582673814978747,1.0,0.8157096030108048,138000.0,5.1116224E7
139000.0,450.146065642,0.0066253636232636165,139000.0,0.9868625546381739,0.7729677850908803,0.927,0.8350133345387154,0.9898532746250074,0.4084507042253521,0.9471974971417256,1.0,0.7553465943339362,139000.0,4.3193216E7
140000.0,453.412555626,0.006668555922338451,140000.0,0.9829653371320038,0.7848158574222361,0.938,0.8651798761394474,0.9868625546381739,0.47928994082840237,0.9530393610279898,1.0,0.7923395296538193,140000.0,5.1112528E7
141000.0,456.488972726,0.00672193978592114,141000.0,0.9903910322523439,0.8003443286454291,0.946,0.8797247032095684,0.9829653371320038,0.4513788098693759,0.9600133042135686,1.0,0.819187841367846,141000.0,3.512184E7
142000.0,459.61026343,0.006763157874387253,142000.0,0.9864957314370507,0.7730970578048206,0.939,0.8611857016721433,0.9903910322523439,0.4164305949008499,0.9549355324994868,0.9965986394557823,0.7957268182246956,142000.0,5.1045328E7
143000.0,462.740046858,0.00681741718141562,143000.0,0.9929405527575094,0.7975295971678535,0.953,0.8950049146635688,0.9864957314370507,0.4556040756914119,0.9651873437019901,1.0,0.8426621719690052,143000.0,3.918808E7
144000.0,465.932453542,0.006859584934123285,144000.0,0.9924663951509589,0.7964797561417418,0.952,0.8903568883284907,0.9929405527575094,0.42450142450142453,0.9652066781907032,1.0,0.8393118679530395,144000.0,5.1058096E7
145000.0,469.049623566,0.0069135637918397285,145000.0,0.9848827586206896,0.751405210049755,0.928,0.8330047547257337,0.9924663951509589,0.3793103448275862,0.9490467086357836,1.0,0.758835758835759,145000.0,4.2637456E7
146000.0,472.307887481,0.006956590391736972,146000.0,0.9908200408105894,0.7923937127165116,0.938,0.8586263037163039,0.9848827586206896,0.4104372355430183,0.9552763429481194,1.0,0.7922948073701841,146000.0,5.1044992E7
147000.0,475.42086772,0.007010503190709526,147000.0,0.9896530018097411,0.7879216499720267,0.934,0.8480439107050763,0.9908200408105894,0.39664804469273746,0.951848940587082,0.9964788732394366,0.7788213837911777,147000.0,3.7980224E7
148000.0,478.611502116,0.0070526530804981705,148000.0,0.9900619514713475,0.802678035879994,0.946,0.8773307163886161,0.9896530018097411,0.42450142450142453,0.9607689228305228,1.0,0.8190340330140614,148000.0,5.1064816E7
149000.0,481.75913735,0.007107195608400134,149000.0,0.9859828711849127,0.7820769849731295,0.949,0.8824765644443214,0.9900619514713475,0.4104372355430183,0.9633627047936338,1.0,0.8290592522607638,149000.0,4.2185968E7
150000.0,485.045938939,0.0071506067729136405,150000.0,0.9874284111136908,0.7919270414130031,0.943,0.8696201141853315,0.9859828711849127,0.4124293785310734,0.9589012073325014,1.0,0.8089214678407007,150000.0,5.1054064E7
151000.0,488.037968668,0.007202459195428896,151000.0,0.9868367692593953,0.784350030512029,0.933,0.8495490963963641,0.9874284111136908,0.42653352353780316,0.9501679813799561,0.9966555183946488,0.7754023754023756,151000.0,3.6851296E7
152000.0,491.235345555,0.007244748461711502,152000.0,0.9917599181497437,0.7955005217305752,0.951,0.8919419573942574,0.9868367692593953,0.4727540500736377,0.9632419486019034,1.0,0.8358241855133799,152000.0,5.1125632E7
153000.0,494.386934886,0.00729943977305609,153000.0,0.9907638506987041,0.7773428574401449,0.946,0.8790176230995684,0.9917599181497437,0.443001443001443,0.9602488854864254,1.0,0.8191053795459022,153000.0,4.2244384E7
154000.0,497.676313084,0.007342902695999514,154000.0,0.9931595250387196,0.8075040143211597,0.949,0.8838258207364076,0.9907638506987041,0.42450142450142453,0.9629903568314833,1.0,0.829153161775902,154000.0,5.1074896E7
155000.0,500.50631136,0.007391984720752452,155000.0,0.9920850104353012,0.7956794369824683,0.949,0.8862845828650933,0.9931595250387196,0.45348837209302323,0.9622224758460258,1.0,0.8292029470864031,155000.0,4.1461984E7
156000.0,503.75317229,0.007434902509737661,156000.0,0.9885316664701026,0.7701096969987408,0.935,0.855330514133096,0.9920850104353012,0.43884892086330934,0.9520897122350839,1.0,0.7823473855928568,156000.0,5.109472E7
157000.0,506.927941485,0.007490001593603694,157000.0,0.9841451312702645,0.7701492061827677,0.942,0.8731314227217246,0.9885316664701026,0.4771048744460857,0.9554944858503651,0.9969040247678018,0.8058877448785997,157000.0,3.6167888E7
158000.0,510.055005743,0.007531342404919073,158000.0,0.9864724490131657,0.7837583173085965,0.936,0.8575986685475511,0.9841451312702645,0.443001443001443,0.951908451962674,0.996742671009772,0.7858443813799824,158000.0,5.1102784E7
159000.0,513.183255774,0.007585555006349334,159000.0,0.9888299886406664,0.7799351770494496,0.927,0.8317367533030307,0.9864724490131657,0.3850415512465374,0.9480991334027274,1.0,0.7556215260232442,159000.0,4.1107904E7
160000.0,516.400703188,0.007628103297743278,160000.0,0.9843470483005367,0.7910749653265055,0.944,0.8756572403012647,0.9888299886406664,0.45348837209302323,0.9584386527904594,1.0,0.8125836680053545,160000.0,5.1117904E7
161000.0,519.400471226,0.007680124767090186,161000.0,0.9866081165573699,0.7833436709981365,0.94,0.8629254451496168,0.9843470483005367,0.4104372355430183,0.9567516740865515,1.0,0.7991642237884362,161000.0,3.6853376E7
162000.0,522.51760833,0.007721370103886895,162000.0,0.9874377489470483,0.7935949060843772,0.951,0.8922337954817369,0.9866081165573699,0.4771048744460857,0.9631312792927773,1.0,0.8360662508777,162000.0,5.1147136E7
163000.0,525.271503716,0.007769163598047034,163000.0,0.984452380952381,0.7927004322610964,0.946,0.8777173913043477,0.9874377489470483,0.42857142857142855,0.9606545387688245,1.0,0.8193423915274413,163000.0,4.0597936E7
164000.0,528.244731505,0.007808469348757452,164000.0,0.986513026812653,0.7975750180947166,0.937,0.8589152147623954,0.984452380952381,0.4326647564469914,0.9538040261730076,1.0,0.7892460835509141,164000.0,5.1101104E7
165000.0,531.162063582,0.007859073399686006,165000.0,0.9860879820733577,0.7766048232302506,0.938,0.8616472898489277,0.986513026812653,0.43884892086330934,0.9543539002416633,1.0,0.7926169190537005,165000.0,3.516216E7
166000.0,534.272440206,0.007900193054297646,166000.0,0.9846006872656239,0.7670278518728211,0.93,0.8439791556151903,0.9860879820733577,0.43061516452074394,0.9486078950143457,1.0,0.7658674188998591,166000.0,5.1102112E7
167000.0,537.431266219,0.007954986883490039,167000.0,0.9831961316192948,0.7846677939880015,0.94,0.8658768302224208,0.9846006872656239,0.43884892086330934,0.9558603793170849,1.0,0.799339140883148,167000.0,3.7752112E7
168000.0,540.53204304,0.007995946475024775,168000.0,0.9874355479167901,0.7984294445315983,0.941,0.8630060648840426,0.9831961316192948,0.39275766016713093,0.9580330359910034,1.0,0.8026166437660551,168000.0,5.1060784E7
169000.0,543.51440734,0.00804766198389652,169000.0,0.9901130534667094,0.7936132770305693,0.947,0.8821918539001163,0.9874355479167901,0.4556040756914119,0.9606523741647418,1.0,0.8227389669503263,169000.0,4.311448E7
170000.0,546.743486721,0.00809041153456864,170000.0,0.9881227945406529,0.7919576101691854,0.95,0.8909768042248668,0.9901130534667094,0.4903129657228018,0.9620209725956393,1.0,0.8328712715546902,170000.0,5.1174688E7
171000.0,549.606387668,0.008140172955058915,171000.0,0.9900620445855277,0.7990194330858851,0.938,0.86648980154355,0.9881227945406529,0.49700598802395207,0.9524629277523168,1.0,0.7928932820222303,171000.0,3.704128E7
172000.0,552.86661639,0.008183258374245649,172000.0,0.9829422958063841,0.7848515364971371,0.938,0.8581631672622287,0.9900620445855277,0.40646976090014064,0.9554050841523669,1.0,0.7928515928515927,172000.0,5.1083968E7
173000.0,556.128183719,0.008239813118405418,173000.0,0.9847293117516461,0.7741873658939319,0.946,0.8780972332586866,0.9829422958063841,0.4326647564469914,0.9605394854725455,1.0,0.8195898188559729,173000.0,4.220592E7
174000.0,559.418882807,0.008283324100577284,174000.0,0.9877623461943997,0.7732540259713826,0.944,0.8732199859636413,0.9847293117516461,0.42653352353780316,0.9592257933781196,1.0,0.8129068182254563,174000.0,5.1110848E7
175000.0,562.238510231,0.00833225248345668,175000.0,0.9867229427549195,0.7678847071773661,0.931,0.8484369234013391,0.9877623461943997,0.45348837209302323,0.9485300745498697,1.0,0.7695302807626975,175000.0,3.5497296E7
176000.0,565.027315175,0.008369160182111857,176000.0,0.9835112303762857,0.8009397590716522,0.947,0.8828522169665354,0.9867229427549195,0.46412884333821375,0.9604171860723206,1.0,0.8230316827926388,176000.0,5.1156544E7
177000.0,567.971239995,0.008420280272599678,177000.0,0.9902122465712582,0.7995278062966922,0.949,0.8862845828650933,0.9835112303762857,0.45348837209302323,0.9622224758460258,1.0,0.8297499151295687,177000.0,4.2178512E7
178000.0,571.188440524,0.008462783910907103,178000.0,0.9857011897407282,0.7693392409365831,0.934,0.8467738939861076,0.9902122465712582,0.3850415512465374,0.9531984355934122,1.0,0.7795872420262666,178000.0,5.1068176E7
179000.0,574.311613155,0.008516912864579835,179000.0,0.9824305805986296,0.7664055185299218,0.936,0.8552658359528711,0.9857011897407282,0.41843971631205673,0.9535302083080684,1.0,0.7862487172310851,179000.0,3.7266688E7
180000.0,577.569409805,0.008559943771686118,180000.0,0.9845517533936652,0.7842367186038107,0.93,0.8364302538602462,0.9824305805986296,0.37362637362637363,0.9507082380237135,1.0,0.7660905563703196,180000.0,5.1057424E7
181000.0,580.82140612,0.008616290438377082,181000.0,0.9876364058509404,0.7826094226949578,0.943,0.8696201141853315,0.9845517533936652,0.4124293785310734,0.9589012073325014,1.0,0.8095053453719602,181000.0,4.3302336E7
182000.0,584.310780168,0.00866247660894412,182000.0,0.9880311273965504,0.8142631608076409,0.949,0.8869319995743321,0.9876364058509404,0.4619883040935672,0.9619971915194078,1.0,0.8296099128040384,182000.0,5.1164272E7
183000.0,587.51678033,0.008718159795891441,183000.0,0.9915282122581393,0.8068995317618329,0.948,0.884646953126733,0.9880311273965504,0.45985401459854014,0.9612947473282458,1.0,0.8263186712903813,183000.0,3.80288E7
184000.0,590.422753179,0.008756580485102968,184000.0,0.9892714910150558,0.7936908922585318,0.953,0.8910877323075496,0.9915282122581393,0.4084507042253521,0.9663347333617934,1.0,0.8429920116194625,184000.0,5.110648E7
185000.0,593.465088918,0.00880928673735401,185000.0,0.9903377939921619,0.7649664679027148,0.924,0.821946499608751,0.9892714910150558,0.36425648021828105,0.946739936573614,1.0,0.7459663577068316,185000.0,3.8226944E7
186000.0,596.621784005,0.008851036564531385,186000.0,0.9884204161547911,0.7858019163042284,0.938,0.8597488146512721,0.9903377939921619,0.42045454545454547,0.9549512124615677,1.0,0.792750211167622,186000.0,5.1123952E7
187000.0,599.720501834,0.008904797707304924,187000.0,0.9860883369217535,0.7842706835687856,0.932,0.8481675158865901,0.9884204161547911,0.43061516452074394,0.9501148187522335,1.0,0.7727012727012729,187000.0,4.0921808E7
188000.0,602.815734699,0.008945780654503022,188000.0,0.9871109699455438,0.7815048059297126,0.947,0.8831734499541509,0.9860883369217535,0.4684287812041116,0.9602985341008191,1.0,0.822903151271706,188000.0,5.1181408E7
189000.0,605.931980737,0.008999920664038858,189000.0,0.9863146791028203,0.8055637683803614,0.946,0.8805732484076432,0.9871109699455438,0.4619883040935672,0.9597148699373931,1.0,0.8196150515208822,189000.0,4.3282928E7
190000.0,609.009117377,0.009040631105688163,190000.0,0.9883571428571428,0.7918454744485534,0.939,0.8627362736273626,0.9863146791028203,0.42857142857142855,0.9554355775546266,1.0,0.7962341110075773,190000.0,5.114008E7
191000.0,611.83395644,0.009089674725025986,191000.0,0.9885006777961413,0.7891087973642976,0.955,0.8994521258055,0.9883571428571428,0.4577259475218659,0.9666448843093911,1.0,0.8497193712517265,191000.0,3.6049744E7
192000.0,615.081610041,0.00913264194874409,192000.0,0.9867508909870754,0.7952913868605097,0.941,0.8667918973349347,0.9885006777961413,0.42653352353780316,0.9569924357649174,1.0,0.8029638906282611,192000.0,5.1141088E7
193000.0,618.260647343,0.009187797145267905,193000.0,0.9881964117091596,0.8038012961911554,0.939,0.8614455094716758,0.9867508909870754,0.4164305949008499,0.9558230661116356,1.0,0.7962655314436021,193000.0,4.3275664E7
194000.0,621.60539468,0.009232066095511098,194000.0,0.9921173080183082,0.8139590897738955,0.956,0.9004074241738342,0.9881964117091596,0.4409221902017291,0.9677806691761951,1.0,0.8530606623975762,194000.0,5.1160912E7
195000.0,624.821131911,0.00928790973484108,195000.0,0.9953274075730472,0.7862765125620216,0.95,0.8884207519548684,0.9921173080183082,0.45348837209302323,0.9629774563276904,1.0,0.833059379494555,195000.0,3.5266272E7
196000.0,628.010760165,0.009330070176784043,196000.0,0.9900762671150612,0.7971155220404299,0.945,0.8703710687080473,0.9953274075730472,0.3812154696132597,0.9612664298576492,1.0,0.8162917518745738,196000.0,5.1093712E7
197000.0,631.129703014,0.009384097084833941,197000.0,0.9903121964615361,0.7984469578115478,0.943,0.8641602242071246,0.9900762671150612,0.3679890560875513,0.9602211327621412,1.0,0.8095133081137931,197000.0,4.3062176E7
198000.0,634.392856786,0.009427299729440113,198000.0,0.9862879850397382,0.790322326658088,0.94,0.8666192423972967,0.9903121964615361,0.4492753623188406,0.954747493842533,0.9967741935483871,0.7995241229180375,198000.0,5.117704E7
199000.0,637.530739129,0.009481756721494854,199000.0,0.9911792445914842,0.7924954517178392,0.943,0.8685254553171072,0.9862879850397382,0.40252454417952316,0.9591955488750806,1.0,0.8095086151882577,199000.0,3.5568624E7
200000.0,640.679453643,0.009523448896178507,200000.0,0.9854722114626259,0.781883129222052,0.934,0.8542241855328548,0.9911792445914842,0.4513788098693759,0.9501306679151899,0.9967845659163987,0.7794744140200814,200000.0,5.1182752E7
