learning evaluation instances,evaluation time (cpu seconds),model cost (RAM-Hours),classified instances,AUC,sAUC,Accuracy,Kappa,Periodical holdout AUC,Pos/Neg ratio,G-Mean,Recall,KappaM,model training instances,model serialized size (bytes),ensemble size,size of class 0,size of class 1,[avg] model training instances,[err] model training instances,[avg] model serialized size (bytes),[err] model serialized size (bytes),[avg] tree size (nodes),[err] tree size (nodes),[avg] tree size (leaves),[err] tree size (leaves),[avg] active learning leaves,[err] active learning leaves,[avg] tree depth,[err] tree depth,[avg] active leaf byte size estimate,[err] active leaf byte size estimate,[avg] inactive leaf byte size estimate,[err] inactive leaf byte size estimate,[avg] byte size estimate overhead,[err] byte size estimate overhead
1000.0,0.263180336,1.2600071547528109E-8,1000.0,0.6914662416690814,0.3150657573578728,0.987,0.4735136886440958,0.0,0.014198782961460446,0.6529916886646281,0.42857142857142855,0.07142857142857142,1000.0,185064.0,15.0,0.9999772017382373,2.2798261762541897E-5,1091.1333333333332,9.698731712208383,5872.0,0.0,3.0,0.0,2.0,0.0,2.0,0.0,1.0,0.0,0.0,0.0,0.0,0.0,1.0,0.0
2000.0,0.370643292,1.7877542301209438E-8,2000.0,0.7922601064595022,0.18481887516773704,0.994,0.24868519909842615,0.6914662416690814,0.007049345417925478,0.3779644730092272,0.14285714285714285,0.42857142857142555,2000.0,189832.0,15.0,0.8949905046696249,0.10500949533037504,2137.0666666666666,12.966427957161315,6186.666666666666,214.40919193752302,3.266666666666667,0.18170270503179917,2.1333333333333337,0.09085135251589958,2.1333333333333337,0.09085135251589958,1.1333333333333335,0.09085135251589958,0.0,0.0,0.0,0.0,1.0,0.0
3000.0,0.452520424,2.2332810590159563E-8,3000.0,0.6072727272727273,0.0966787433243425,0.988,0.13793103448275368,0.7922601064595022,0.010101010101010102,0.31574826950748236,0.1,-0.16129032258064932,3000.0,210336.0,15.0,0.9998202930772774,1.7970692272262359E-4,3200.333333333333,16.44403688898648,7540.8,316.9183040289271,4.333333333333333,0.25197631533948484,2.6666666666666665,0.12598815766974242,2.6666666666666665,0.12598815766974242,1.6666666666666667,0.1259881576697424,0.0,0.0,0.0,0.0,1.0,0.0
4000.0,0.526426955,2.701055316709396E-8,4000.0,0.5055387713997986,0.01742998675640109,0.993,0.0,0.6072727272727273,0.007049345417925478,0.0,0.0,0.2631578947368378,4000.0,244656.0,15.0,0.9986697178292688,0.001330282170731043,4244.599999999999,15.46818547550938,9809.599999999997,435.0826172228945,5.933333333333334,0.33046383948376135,3.466666666666667,0.16523191974188067,3.466666666666667,0.16523191974188067,1.9333333333333331,0.06666666666666665,0.0,0.0,0.0,0.0,1.0,0.0
5000.0,0.603798465,3.240736466879646E-8,5000.0,0.9905527638190955,0.2746629716670217,0.996,0.3322203672787907,0.5055387713997986,0.005025125628140704,0.4472135954999579,0.2,0.534883720930235,5000.0,269624.0,15.0,0.9999999999999994,9.87840019985665E-31,5275.666666666666,16.69549887064419,11458.133333333333,442.79318903294825,7.266666666666667,0.33046383948376135,4.133333333333333,0.16523191974188067,4.133333333333333,0.16523191974188067,2.466666666666667,0.13333333333333328,0.0,0.0,0.0,0.0,1.0,0.0
6000.0,0.671123911,3.7270648455590836E-8,6000.0,0.8257308467741935,0.0647844949825569,0.992,0.0,0.9905527638190955,0.008064516129032258,0.0,0.0,0.05882352941175856,6000.0,279224.0,15.0,0.9999996411945405,3.588054594061524E-7,6329.866666666667,20.48875804799321,12094.933333333334,423.1011976963235,7.533333333333333,0.3065424178939252,4.266666666666666,0.15327120894696275,4.266666666666666,0.15327120894696275,2.6,0.1309307341415954,0.0,0.0,0.0,0.0,1.0,0.0
7000.0,0.751267241,4.36053681369995E-8,7000.0,0.6909182829304163,0.12562769382839573,0.99,0.16513608281850292,0.8257308467741935,0.011122345803842264,0.30151134457776363,0.09090909090909091,-0.12903225806451207,7000.0,305536.0,15.0,0.999027172318396,9.72827681604031E-4,7407.666666666667,21.073943890764983,13834.666666666666,577.875605881591,8.733333333333333,0.4305773163983739,4.866666666666666,0.21528865819918694,4.866666666666666,0.21528865819918694,2.9333333333333327,0.1181873680570558,0.0,0.0,0.0,0.0,1.0,0.0
8000.0,0.832269673,5.054277476513137E-8,8000.0,0.8972864321608041,0.10161059898334822,0.995,0.0,0.6909182829304163,0.005025125628140704,0.0,0.0,0.40298507462686667,8000.0,331056.0,15.0,0.9999545370017136,4.54629982863869E-5,8459.066666666666,23.265438635895784,15520.0,810.5209142156374,10.066666666666666,0.6130848357878507,5.533333333333333,0.30654241789392533,5.533333333333333,0.30654241789392533,3.1333333333333333,0.1333333333333333,0.0,0.0,0.0,0.0,1.0,0.0
9000.0,0.907882478,5.738117419709969E-8,9000.0,0.8600055152127953,0.12332594192261007,0.989,0.0,0.8972864321608041,0.011122345803842264,0.0,0.0,-0.26923076923076383,9000.0,349592.0,15.0,0.9999884730138167,1.1526986183248983E-5,9549.000000000002,24.222578998391835,16746.13333333333,893.6153527833767,10.866666666666667,0.6891448577190682,5.933333333333334,0.3445724288595341,5.933333333333334,0.3445724288595341,3.3333333333333335,0.1259881576697424,0.0,0.0,0.0,0.0,1.0,0.0
10000.0,0.984347559,6.466617296408241E-8,10000.0,0.6785514071084202,0.14322356646378437,0.992,0.19855740332598087,0.8600055152127953,0.009081735620585268,0.3333333333333333,0.1111111111111111,0.08045977011494605,10000.0,368272.0,15.0,0.9999697675145838,3.02324854162005E-5,10626.399999999998,26.074033790252706,17980.266666666666,997.9730670412316,11.8,0.7508725083591247,6.4,0.37543625417956233,6.4,0.37543625417956233,3.533333333333333,0.1333333333333333,0.0,0.0,0.0,0.0,1.0,0.0
11000.0,1.059118148,7.210742649630954E-8,11000.0,0.7454323118975686,0.08448063692853955,0.993,0.0,0.6785514071084202,0.007049345417925478,0.0,0.0,0.18085106382978433,11000.0,384696.0,15.0,0.9999997093678576,2.9063214220792884E-7,11684.466666666665,25.41313246310461,19067.2,976.5037887913235,12.466666666666667,0.716251263884311,6.733333333333333,0.3581256319421555,6.733333333333333,0.3581256319421555,3.533333333333333,0.1333333333333333,0.0,0.0,0.0,0.0,1.0,0.0
12000.0,1.144159593,8.095435615403784E-8,12000.0,0.8766666666666667,0.07999207681153907,0.99,0.0,0.7454323118975686,0.010101010101010102,0.0,0.0,-0.15384615384614891,12000.0,402128.0,15.0,0.9999912077126886,8.792287311359044E-6,12757.266666666666,20.94038401127551,20219.2,1221.7485174944966,13.4,0.8986762752065103,7.2,0.44933813760325514,7.2,0.44933813760325514,3.733333333333333,0.11818736805705576,0.0,0.0,0.0,0.0,1.0,0.0
13000.0,1.239784802,9.132406196843626E-8,13000.0,0.7801010101010101,0.1995382376951618,0.991,0.18032786885246582,0.8766666666666667,0.010101010101010102,0.31622776601683794,0.1,-0.02631578947368721,13000.0,419176.0,15.0,0.9999999999954186,4.581266211377835E-12,13823.6,18.779877782451322,21347.73333333333,1287.1914330808863,14.066666666666666,0.9333333333333332,7.533333333333333,0.4666666666666666,7.533333333333333,0.4666666666666666,3.9333333333333336,0.1532712089469627,0.0,0.0,0.0,0.0,1.0,0.0
14000.0,1.350364356,1.0439792311490204E-7,14000.0,0.7694333074023099,0.15702278100928177,0.985,0.20769068244242733,0.7801010101010101,0.017293997965412006,0.3429971702850177,0.11764705882352941,-0.6030534351145079,14000.0,457016.0,15.0,0.9612541798920754,0.0387458201079245,14936.600000000002,22.206991606034197,23850.13333333334,1361.998635992138,15.666666666666666,0.9693722399999597,8.333333333333332,0.48468611999997996,8.333333333333332,0.48468611999997996,4.266666666666666,0.15327120894696275,0.0,0.0,0.0,0.0,1.0,0.0
15000.0,1.439455668,1.1565861598631368E-7,15000.0,0.7894405241935484,0.07069627082606608,0.992,0.0,0.7694333074023099,0.008064516129032258,0.0,0.0,0.13669064748201162,15000.0,488576.0,15.0,0.9999973438601112,2.656139888758755E-6,15981.599999999999,25.170996158655438,25935.466666666664,1298.1805211128478,17.400000000000002,1.0364775512695457,9.200000000000001,0.5182387756347728,9.200000000000001,0.5182387756347728,4.666666666666666,0.1868706368604627,0.0,0.0,0.0,0.0,1.0,0.0
16000.0,1.525795506,1.2757845130681373E-7,16000.0,0.8345141700404858,0.16310575376755793,0.989,0.1522811344019713,0.7894405241935484,0.012145748987854251,0.28867513459481287,0.08333333333333333,-0.16556291390728733,16000.0,533656.0,15.0,0.9999999999966769,3.3230642014624846E-12,17068.2,21.130929711590753,28914.13333333333,1425.6139525086382,19.533333333333335,1.059499732203686,10.266666666666667,0.529749866101843,10.266666666666667,0.529749866101843,4.799999999999999,0.20000000000000004,0.0,0.0,0.0,0.0,1.0,0.0
17000.0,1.60658131,1.3932003786928332E-7,17000.0,0.6050927924039706,0.1711103190626793,0.995,0.44271065537227444,0.8345141700404858,0.007049345417925478,0.5345224838248488,0.2857142857142857,0.46202531645569356,17000.0,561816.0,15.0,0.999999979135577,2.086442296274788E-8,18126.666666666664,20.396233701503533,30776.0,1416.3012862146716,20.73333333333333,1.0116778457058666,10.866666666666665,0.5058389228529333,10.866666666666665,0.5058389228529333,4.999999999999999,0.19518001458970666,0.0,0.0,0.0,0.0,1.0,0.0
18000.0,1.687380438,1.516508458208562E-7,18000.0,0.6961588260681916,0.04636369861899968,0.993,0.0,0.6050927924039706,0.007049345417925478,0.0,0.0,0.23636363636363483,18000.0,589912.0,15.0,0.999999998150799,1.8492008962235674E-9,19168.6,24.518564395168,32632.533333333333,1165.558430913275,22.2,0.8462803768199262,11.6,0.4231401884099631,11.6,0.4231401884099631,5.199999999999999,0.14474937289114923,0.0,0.0,0.0,0.0,1.0,0.0
19000.0,1.763984931,1.6368649319925245E-7,19000.0,0.7917171717171717,0.0948136987571487,0.99,0.0,0.6961588260681916,0.010101010101010102,0.0,0.0,-0.08571428571428985,19000.0,607320.0,15.0,0.9999998874031535,1.125968464254876E-7,20238.266666666666,24.617737830130057,33783.46666666667,1139.4074895758704,23.0,0.8047478161629564,12.0,0.4023739080814782,12.0,0.4023739080814782,5.333333333333333,0.15936381457791912,0.0,0.0,0.0,0.0,1.0,0.0
20000.0,1.846496218,1.7727159817054458E-7,20000.0,0.7543191056910569,0.11598753358161676,0.984,0.0,0.7917171717171717,0.016260162601626018,0.0,0.0,-0.6753926701570788,20000.0,636432.0,15.0,0.9894945750148413,0.010505424985158725,21348.600000000002,23.947919682988374,35710.4,1193.7156588927342,24.066666666666666,0.8477795460673477,12.533333333333333,0.42388977303367387,12.533333333333333,0.42388977303367387,5.466666666666666,0.1333333333333333,0.0,0.0,0.0,0.0,1.0,0.0
21000.0,1.919976926,1.8974092539631247E-7,21000.0,0.8282930416398566,0.1570574489375593,0.99,0.16513608281850292,0.7543191056910569,0.011122345803842264,0.30151134457776363,0.09090909090909091,-0.03960396039603846,21000.0,655952.0,15.0,0.9974923409953256,0.00250765900467438,22430.8,26.944599246814366,37000.533333333326,1108.1815815911114,25.000000000000004,0.7807200583588264,13.000000000000002,0.3903600291794132,13.000000000000002,0.3903600291794132,5.733333333333333,0.2281742581087798,0.0,0.0,0.0,0.0,1.0,0.0
22000.0,1.995171404,2.029089589315322E-7,22000.0,0.6254191817572099,0.05831387667191884,0.994,0.0,0.8282930416398566,0.006036217303822937,0.0,0.0,0.3653846153846174,22000.0,676920.0,15.0,0.99816964496012,0.0018303550398800705,23473.133333333335,25.832955450385256,38386.66666666667,1079.184077447343,26.066666666666663,0.8015857300000311,13.533333333333331,0.40079286500001554,13.533333333333331,0.40079286500001554,5.8,0.22253945610567472,0.0,0.0,0.0,0.0,1.0,0.0
23000.0,2.070486678,2.1635097210404363E-7,23000.0,0.8416835357624831,0.15322776931959978,0.989,0.1522811344019713,0.6254191817572099,0.012145748987854251,0.28867513459481287,0.08333333333333333,-0.15000000000000233,23000.0,689896.0,15.0,0.9997252737297432,2.7472627025680775E-4,24584.599999999995,28.188447481700067,39245.86666666666,1185.1059099412926,26.466666666666665,0.8157185944900518,13.733333333333333,0.4078592972450259,13.733333333333333,0.4078592972450259,5.866666666666666,0.21528865819918697,0.0,0.0,0.0,0.0,1.0,0.0
24000.0,2.151499264,2.3111899470805297E-7,24000.0,0.6888217522658611,0.08959159566991037,0.993,0.0,0.8416835357624831,0.007049345417925478,0.0,0.0,0.2599118942731281,24000.0,704648.0,15.0,0.9999955086540943,4.491345905576246E-6,25625.13333333333,26.50604004241583,40220.8,1210.4496889684465,27.266666666666666,0.8699571235557513,14.133333333333333,0.43497856177787564,14.133333333333333,0.43497856177787564,5.866666666666666,0.21528865819918697,0.0,0.0,0.0,0.0,1.0,0.0
25000.0,2.235689191,2.470394735998764E-7,25000.0,0.8086665107941704,0.13664731623382828,0.987,0.0,0.6888217522658611,0.013171225937183385,0.0,0.0,-0.3541666666666604,25000.0,730968.0,15.0,0.9999746956314536,2.5304368546346524E-5,26723.0,31.408218518027848,41960.00000000001,1338.3791761110226,28.733333333333334,0.8699571235557513,14.866666666666667,0.43497856177787564,14.866666666666667,0.43497856177787564,6.0,0.1951800145897066,0.0,0.0,0.0,0.0,1.0,0.0
26000.0,2.319759758,2.6362500132899735E-7,26000.0,0.7113241368560518,0.06669181354778235,0.987,0.0,0.8086665107941704,0.013171225937183385,0.0,0.0,-0.3359683794466444,26000.0,762584.0,15.0,0.998802630244399,0.0011973697556007887,27803.866666666665,29.54381196455225,44051.73333333333,1441.9772386641184,29.8,1.02910039308496,15.4,0.51455019654248,15.4,0.51455019654248,6.0,0.1951800145897066,0.0,0.0,0.0,0.0,1.0,0.0
27000.0,2.403623665,2.804918960128042E-7,27000.0,0.7933624845834735,0.05404073293596945,0.991,0.0,0.7113241368560518,0.009081735620585268,0.0,0.0,0.07251908396946054,27000.0,777432.0,15.0,0.9999978450470601,2.1549529398485777E-6,28879.266666666666,28.849934664721925,45033.06666666666,1503.3112641184441,30.6,1.0364775512695459,15.799999999999999,0.5182387756347728,15.799999999999999,0.5182387756347728,6.066666666666666,0.18170270503179917,0.0,0.0,0.0,0.0,1.0,0.0
28000.0,2.490773903,2.9878991037972485E-7,28000.0,0.7806783711738211,0.11527530709383724,0.989,0.0,0.7933624845834735,0.011122345803842264,0.0,0.0,-0.128205128205125,28000.0,811592.0,15.0,0.9992930349482214,7.069650517785338E-4,29955.266666666666,26.39019779544164,47290.666666666664,1703.6495354627782,32.333333333333336,1.2446711811584412,16.666666666666668,0.6223355905792206,16.666666666666668,0.6223355905792206,6.333333333333334,0.15936381457791915,0.0,0.0,0.0,0.0,1.0,0.0
29000.0,2.581304597,3.186475612168408E-7,29000.0,0.8313090418353576,0.1119553535466006,0.988,0.0,0.7806783711738211,0.012145748987854251,0.0,0.0,-0.22105263157895497,29000.0,847880.0,15.0,0.9989911229147037,0.001008877085296265,31044.466666666667,28.07267213207402,49688.53333333333,1703.4836627353811,33.93333333333333,1.2010577348902434,17.466666666666665,0.6005288674451217,17.466666666666665,0.6005288674451217,6.333333333333334,0.15936381457791915,0.0,0.0,0.0,0.0,1.0,0.0
30000.0,2.665898304,3.3755135128622263E-7,30000.0,0.6443151147098516,0.03889479416899789,0.988,0.0,0.8313090418353576,0.012145748987854251,0.0,0.0,-0.21212121212121077,30000.0,863800.0,15.0,0.9408946079085581,0.05910539209144211,32119.399999999998,33.090323718717414,50741.86666666667,1648.6331593075076,34.6,1.1579949831291934,17.8,0.5789974915645967,17.8,0.5789974915645967,6.4,0.19023794624226834,0.0,0.0,0.0,0.0,1.0,0.0
31000.0,2.755696624,3.583721754801771E-7,31000.0,0.7188496088090408,0.07061793245315505,0.986,0.0,0.6443151147098516,0.014198782961460446,0.0,0.0,-0.3954983922829592,31000.0,896256.0,15.0,0.9651321556473393,0.03486784435266066,33222.733333333344,32.81310229983936,52888.0,1858.506353679391,36.06666666666666,1.2927146286443543,18.53333333333333,0.6463573143221771,18.53333333333333,0.6463573143221771,6.533333333333335,0.19189944456771316,0.0,0.0,0.0,0.0,1.0,0.0
32000.0,2.849214996,3.8040411525467215E-7,32000.0,0.8285402540721689,0.09837751246534061,0.987,0.0,0.7188496088090408,0.013171225937183385,0.0,0.0,-0.28395061728394533,32000.0,910664.0,15.0,0.9999999970722594,2.9277405735448713E-9,34318.06666666667,35.07793590423463,53838.4,1738.60050122423,37.26666666666666,1.3218553579350454,19.13333333333333,0.6609276789675227,19.13333333333333,0.6609276789675227,6.533333333333335,0.19189944456771316,0.0,0.0,0.0,0.0,1.0,0.0
33000.0,2.937740309,4.0185280195893935E-7,33000.0,0.7895477386934673,0.08336627383065064,0.995,0.0,0.8285402540721689,0.005025125628140704,0.0,0.0,0.4984802431610934,33000.0,936560.0,15.0,0.9999999999999994,1.6608520429933892E-16,35351.73333333334,39.03252205248588,55550.399999999994,1854.5557927901302,38.199999999999996,1.3352367366340483,19.599999999999998,0.6676183683170241,19.599999999999998,0.6676183683170241,6.733333333333333,0.2666666666666666,0.0,0.0,0.0,0.0,1.0,0.0
34000.0,3.022063965,4.22553626359159E-7,34000.0,0.859362073720011,0.1047921063534346,0.99,0.16513608281850292,0.7895477386934673,0.011122345803842264,0.30151134457776363,0.09090909090909091,0.0,34000.0,948944.0,15.0,0.9997509415667383,2.49058433261713E-4,36417.333333333336,39.57821270137062,56370.13333333333,1903.2180013427048,38.599999999999994,1.3266499161421599,19.799999999999997,0.6633249580710799,19.799999999999997,0.6633249580710799,6.800000000000001,0.26186146828319085,0.0,0.0,0.0,0.0,1.0,0.0
35000.0,3.108118979,4.439081664833386E-7,35000.0,0.6817724068479355,0.11858316180288797,0.993,0.0,0.859362073720011,0.007049345417925478,0.0,0.0,0.2939481268011557,35000.0,959216.0,15.0,0.9999999999215781,7.842199392273068E-11,37467.133333333324,41.07784325337871,57049.6,1996.2302300658037,39.13333333333333,1.4002267390086935,20.066666666666666,0.7001133695043468,20.066666666666666,0.7001133695043468,6.866666666666667,0.27371634025142694,0.0,0.0,0.0,0.0,1.0,0.0
36000.0,3.194857914,4.6565053271778976E-7,36000.0,0.7719298245614035,0.07755969430602466,0.988,0.0,0.6817724068479355,0.012145748987854251,0.0,0.0,-0.20334261838439627,36000.0,968936.0,15.0,0.9920232572847799,0.007976742715220085,38556.46666666667,41.75242983139306,57692.799999999996,1915.286245422538,39.53333333333333,1.3447133405503078,20.266666666666666,0.6723566702751539,20.266666666666666,0.6723566702751539,6.933333333333334,0.2481678899199121,0.0,0.0,0.0,0.0,1.0,0.0
37000.0,3.284233648,4.884040036869485E-7,37000.0,0.8043259557344065,0.16602776219885387,0.994,0.0,0.7719298245614035,0.006036217303822937,0.0,0.0,0.3917808219178049,37000.0,984080.0,15.0,0.9999950020041946,4.997995805423831E-6,39599.13333333333,39.91727954594601,58692.799999999996,1922.0025746972494,40.33333333333333,1.3755229885623474,20.666666666666664,0.6877614942811737,20.666666666666664,0.6877614942811737,6.933333333333334,0.2481678899199121,0.0,0.0,0.0,0.0,1.0,0.0
38000.0,3.376765892,5.12543624921319E-7,38000.0,0.9003030303030303,0.10427103960188763,0.99,0.0,0.8043259557344065,0.010101010101010102,0.0,0.0,-0.013333333333339633,38000.0,1008416.0,15.0,0.9468259014275971,0.053174098572402864,40673.6,44.11022989004213,60301.33333333333,1841.8226445475836,41.4,1.32664991614216,21.2,0.66332495807108,21.2,0.66332495807108,6.933333333333334,0.2481678899199121,0.0,0.0,0.0,0.0,1.0,0.0
39000.0,3.469593042,5.373565074502698E-7,39000.0,0.8457321187584346,0.19085862363347023,0.99,0.2832568807339425,0.9003030303030303,0.012145748987854251,0.408248290463863,0.16666666666666666,-0.007751937984496991,39000.0,1033248.0,15.0,0.9986696918807619,0.0013303081192380189,41773.866666666676,44.59541580825522,61942.399999999994,2121.4533311365763,42.6,1.5638779638176012,21.8,0.7819389819088006,21.8,0.7819389819088006,7.066666666666668,0.2839628860166777,0.0,0.0,0.0,0.0,1.0,0.0
40000.0,3.561107434,5.622247473762206E-7,40000.0,0.44683417085427135,0.01855404414214213,0.995,0.0,0.8457321187584346,0.005025125628140704,0.0,0.0,0.4897959183673481,40000.0,1050408.0,15.0,0.9999999335126049,6.648739502647106E-8,42816.333333333336,44.27808946137133,63076.26666666666,2100.228068038749,43.53333333333333,1.4795966846429296,22.266666666666666,0.7397983423214648,22.266666666666666,0.7397983423214648,7.133333333333334,0.2905932629027116,0.0,0.0,0.0,0.0,1.0,0.0
41000.0,3.656644749,5.888594338048395E-7,41000.0,0.8312344884640133,0.10903454042573586,0.989,0.0,0.44683417085427135,0.011122345803842264,0.0,0.0,-0.11910669975186104,41000.0,1077648.0,15.0,0.9984999516589494,0.001500048341050605,43903.26666666667,42.38996586869607,64876.80000000001,2205.0040129539125,44.733333333333334,1.6079169211737359,22.866666666666667,0.8039584605868679,22.866666666666667,0.8039584605868679,7.2,0.29600514796038196,0.0,0.0,0.0,0.0,1.0,0.0
42000.0,3.751954938,6.15912101170547E-7,42000.0,0.700502512562814,0.019844425600779834,0.995,0.0,0.8312344884640133,0.005025125628140704,0.0,0.0,0.4852941176470563,42000.0,1097168.0,15.0,0.9979700535150555,0.00202994648494441,44961.59999999999,44.50958163297913,66166.40000000001,2321.04044978191,45.800000000000004,1.6422980415085615,23.400000000000002,0.8211490207542808,23.400000000000002,0.8211490207542808,7.2,0.29600514796038196,0.0,0.0,0.0,0.0,1.0,0.0
43000.0,3.842085764,6.41795735674395E-7,43000.0,0.8825910931174089,0.11296276352466633,0.988,0.0,0.700502512562814,0.012145748987854251,0.0,0.0,-0.22857142857143475,43000.0,1110080.0,15.0,0.998521236550722,0.0014787634492778373,46043.4,43.96089171070125,67020.26666666666,2134.081516421094,46.46666666666667,1.650012024968207,23.733333333333334,0.8250060124841035,23.733333333333334,0.8250060124841035,7.266666666666667,0.2839628860166776,0.0,0.0,0.0,0.0,1.0,0.0
44000.0,3.931739131,6.68233602797536E-7,44000.0,0.6038238808714036,0.05194726343483973,0.989,0.0,0.8825910931174089,0.011122345803842264,0.0,0.0,-0.12296983758701362,44000.0,1139888.0,15.0,0.9997936721923889,2.0632780761097066E-4,47121.8,43.49222152676665,68992.0,2368.068724871448,47.66666666666666,1.7638342073763937,24.33333333333333,0.8819171036881969,24.33333333333333,0.8819171036881969,7.333333333333333,0.2702144944592592,0.0,0.0,0.0,0.0,1.0,0.0
45000.0,4.018236328,6.941028949865368E-7,45000.0,0.7578765645230902,0.06381802907630475,0.993,0.0,0.6038238808714036,0.007049345417925478,0.0,0.0,0.28082191780822136,45000.0,1156072.0,15.0,0.9999999999770836,2.29163569763778E-11,48177.6,43.95699196779887,70062.4,2166.3677848065454,48.466666666666654,1.5426219691429717,24.733333333333327,0.7713109845714858,24.733333333333327,0.7713109845714858,7.3999999999999995,0.2544836041121407,0.0,0.0,0.0,0.0,1.0,0.0
46000.0,4.10856229,7.216257558250469E-7,46000.0,0.9206189034645139,0.08616258792809904,0.991,0.0,0.7578765645230902,0.009081735620585268,0.0,0.0,0.07382550335570033,46000.0,1177832.0,15.0,0.9998003321888835,1.996678111163527E-4,49254.600000000006,43.42698305366,71501.86666666664,2080.329126585655,49.39999999999999,1.5143755588800734,25.199999999999996,0.7571877794400367,25.199999999999996,0.7571877794400367,7.466666666666666,0.25572803013519146,0.0,0.0,0.0,0.0,1.0,0.0
47000.0,4.212681615,7.542447261300848E-7,47000.0,0.868168016194332,0.09938332319518856,0.988,0.0,0.9206189034645139,0.012145748987854251,0.0,0.0,-0.22875816993463963,47000.0,1210992.0,15.0,0.9890530983179325,0.010946901682067337,50330.066666666666,48.84645200028218,73693.33333333333,1943.2874518801686,51.0,1.323775265058595,26.0,0.6618876325292975,26.0,0.6618876325292975,7.666666666666667,0.2108185106778919,0.0,0.0,0.0,0.0,1.0,0.0
48000.0,4.306829138,7.842453166812886E-7,48000.0,0.8761329305135952,0.2577369033444472,0.994,0.24868519909842615,0.868168016194332,0.007049345417925478,0.3779644730092272,0.14285714285714285,0.38197424892703713,48000.0,1231752.0,15.0,0.9984359612602847,0.0015640387397151754,51392.06666666667,51.4870734277913,75063.46666666669,1816.4895445327575,52.333333333333336,1.2446711811584412,26.666666666666668,0.6223355905792206,26.666666666666668,0.6223355905792206,7.733333333333333,0.18170270503179914,0.0,0.0,0.0,0.0,1.0,0.0
49000.0,4.402762648,8.157672407596497E-7,49000.0,0.7917806749289125,0.11219721453179955,0.981,0.0,0.8761329305135952,0.019367991845056064,0.0,0.0,-0.9195876288659903,49000.0,1270120.0,15.0,0.9999521789636003,4.782103639970899E-5,52530.666666666664,51.43008816105587,77601.6,1806.1104664839463,53.800000000000004,1.2313368654395418,27.400000000000002,0.6156684327197709,27.400000000000002,0.6156684327197709,7.933333333333334,0.24816788991991207,0.0,0.0,0.0,0.0,1.0,0.0
50000.0,4.498300252,8.478910562536556E-7,50000.0,0.7317171717171718,0.1154307170386527,0.99,0.0,0.7917806749289125,0.010101010101010102,0.0,0.0,-0.010101010101008969,50000.0,1299736.0,15.0,0.9999998067796252,1.932203748605707E-7,53588.2,53.43212873311683,79558.40000000001,1886.0821897962628,55.26666666666667,1.364399978593998,28.133333333333336,0.682199989296999,28.133333333333336,0.682199989296999,7.933333333333334,0.24816788991991207,0.0,0.0,0.0,0.0,1.0,0.0
51000.0,4.59487682,8.809368588099981E-7,51000.0,0.8101058467741935,0.06303557761175532,0.992,0.0,0.7317171717171718,0.008064516129032258,0.0,0.0,0.18886679920476887,51000.0,1322656.0,15.0,0.9999999999999825,1.7310921905211725E-14,54644.93333333333,50.86822065903092,81073.06666666667,1810.3626983791225,56.2,1.2917319491951216,28.6,0.6458659745975608,28.6,0.6458659745975608,7.999999999999999,0.2581988897471611,0.0,0.0,0.0,0.0,1.0,0.0
52000.0,4.694853456,9.157955670665557E-7,52000.0,0.807070707070707,0.10325803847001114,0.99,0.0,0.8101058467741935,0.010101010101010102,0.0,0.0,-0.013645224171535793,52000.0,1347768.0,15.0,0.9990240238404912,9.759761595087808E-4,55729.4,53.0819492231904,82732.26666666666,1803.6148872714768,57.53333333333334,1.3160788320095005,29.26666666666667,0.6580394160047502,29.26666666666667,0.6580394160047502,8.066666666666666,0.2481678899199121,0.0,0.0,0.0,0.0,1.0,0.0
53000.0,4.789745464,9.492341401946566E-7,53000.0,0.8604040404040404,0.12599705758327076,0.99,0.0,0.807070707070707,0.010101010101010102,0.0,0.0,-0.013384321223711521,53000.0,1362136.0,15.0,0.9952898477516624,0.004710152248337651,56807.666666666664,52.19776191759896,83683.73333333334,1833.1335011438398,58.06666666666666,1.3073661878778835,29.53333333333333,0.6536830939389418,29.53333333333333,0.6536830939389418,8.066666666666666,0.2481678899199121,0.0,0.0,0.0,0.0,1.0,0.0
54000.0,4.887317202,9.841032710179003E-7,54000.0,0.6955030784818019,0.04653634900499632,0.987,0.0,0.8604040404040404,0.013171225937183385,0.0,0.0,-0.3097014925373189,54000.0,1381400.0,15.0,0.9993230890129458,6.769109870541895E-4,57906.46666666667,47.97974440340286,84959.99999999999,1889.484323704171,58.73333333333334,1.3503673809345602,29.86666666666667,0.6751836904672801,29.86666666666667,0.6751836904672801,8.2,0.2618614682831908,0.0,0.0,0.0,0.0,1.0,0.0
55000.0,4.989479168,1.021167824649163E-6,55000.0,0.8918141274636743,0.11110580168128473,0.993,0.0,0.6955030784818019,0.007049345417925478,0.0,0.0,0.29097605893185813,55000.0,1402400.0,15.0,0.9999895182679596,1.0481732040366255E-5,58958.73333333334,46.501251049905584,86345.06666666665,2113.8098834786597,60.333333333333336,1.4949650948837012,30.666666666666668,0.7474825474418506,30.666666666666668,0.7474825474418506,8.2,0.2618614682831908,0.0,0.0,0.0,0.0,1.0,0.0
56000.0,5.092554434,1.0593971866412066E-6,56000.0,0.858149906488275,0.07087134208724369,0.993,0.0,0.8918141274636743,0.007049345417925478,0.0,0.0,0.2872727272727241,56000.0,1433656.0,15.0,0.9906930762261532,0.009306923773846829,60012.333333333336,46.80859370291365,88411.73333333332,2129.893016465217,61.4,1.5516504270031466,31.2,0.7758252135015733,31.2,0.7758252135015733,8.266666666666667,0.2666666666666666,0.0,0.0,0.0,0.0,1.0,0.0
57000.0,5.194197226,1.0976394640797478E-6,57000.0,0.7855276381909547,0.07137824163323586,0.995,0.0,0.858149906488275,0.005025125628140704,0.0,0.0,0.48648648648648585,57000.0,1454352.0,15.0,0.9468558999999966,0.05314410000000317,61037.66666666667,46.854248845975974,89778.66666666666,2053.2249816804833,62.733333333333334,1.6197197484417056,31.866666666666664,0.8098598742208528,31.866666666666664,0.8098598742208528,8.4,0.27255405754769874,0.0,0.0,0.0,0.0,1.0,0.0
58000.0,5.295411626,1.1363060420513917E-6,58000.0,0.7254343230076293,0.11255108183890969,0.99,0.16513608281850292,0.7855276381909547,0.011122345803842264,0.30151134457776363,0.09090909090909091,-0.024734982332157488,58000.0,1476712.0,15.0,0.9998689214486913,1.3107855130865608E-4,62122.46666666665,46.77961162185988,91259.73333333332,2136.8229364145504,63.26666666666666,1.5475531121485404,32.133333333333326,0.7737765560742701,32.133333333333326,0.7737765560742701,8.466666666666667,0.2737163402514269,0.0,0.0,0.0,0.0,1.0,0.0
59000.0,5.397132256,1.1755260052053608E-6,59000.0,0.784949494949495,0.11170759743774226,0.99,0.0,0.7254343230076293,0.010101010101010102,0.0,0.0,-0.024305555555553977,59000.0,1490392.0,15.0,0.9999998450235299,1.5497647004738737E-7,63207.466666666674,46.04220286263961,92163.73333333334,2178.545411325261,63.93333333333333,1.547553112148541,32.46666666666667,0.7737765560742705,32.46666666666667,0.7737765560742705,8.466666666666667,0.2737163402514269,0.0,0.0,0.0,0.0,1.0,0.0
60000.0,5.50467912,1.217817688222012E-6,60000.0,0.8809765285424515,0.14596359638339887,0.986,0.0,0.784949494949495,0.014198782961460446,0.0,0.0,-0.42372881355931935,60000.0,1520056.0,15.0,0.9920074289011833,0.007992571098816572,64319.06666666666,48.23370355602142,94123.73333333335,1986.6257381530286,65.66666666666667,1.5076524377375158,33.333333333333336,0.7538262188687579,33.333333333333336,0.7538262188687579,8.6,0.2725540575476988,0.0,0.0,0.0,0.0,1.0,0.0
61000.0,5.60884774,1.2592416235022557E-6,61000.0,0.8353986439092822,0.10245849066951745,0.988,0.1412623443537949,0.8809765285424515,0.013171225937183385,0.2773500981126146,0.07692307692307693,-0.21393034825871227,61000.0,1537152.0,15.0,0.999999999998172,1.8279562997528722E-12,65399.86666666666,49.06418213171356,95252.79999999999,1973.2871757793484,66.73333333333332,1.559812768577009,33.86666666666666,0.7799063842885045,33.86666666666666,0.7799063842885045,8.666666666666668,0.28729720245711154,0.0,0.0,0.0,0.0,1.0,0.0
62000.0,5.722930664,1.3060318271629325E-6,62000.0,0.8803049920874694,0.14220587601085594,0.993,0.0,0.8353986439092822,0.007049345417925478,0.0,0.0,0.288524590163937,62000.0,1585392.0,15.0,0.9999999994777308,5.222691570206297E-10,66448.0,52.199981755151235,98441.06666666665,2304.819942283823,68.60000000000001,1.6584559657935418,34.800000000000004,0.8292279828967708,34.800000000000004,0.8292279828967708,8.866666666666667,0.33617833513757694,0.0,0.0,0.0,0.0,1.0,0.0
63000.0,5.833746596,1.3524650739458512E-6,63000.0,0.8197444618071514,0.11486583590113342,0.99,0.16513608281850292,0.8803049920874694,0.011122345803842264,0.30151134457776363,0.09090909090909091,-0.014492753623185141,63000.0,1619680.0,15.0,0.999922578106608,7.742189339194184E-5,67522.4,54.83792570145343,100708.26666666666,2289.151740308784,70.06666666666668,1.6774886747660187,35.53333333333334,0.8387443373830094,35.53333333333334,0.8387443373830094,8.933333333333334,0.31572541817620525,0.0,0.0,0.0,0.0,1.0,0.0
64000.0,5.942345347,1.398559730032351E-6,64000.0,0.8125,0.11297124160567942,0.988,0.0,0.8197444618071514,0.012145748987854251,0.0,0.0,-0.21327014218009074,64000.0,1640696.0,15.0,0.9252751996326741,0.07472480036732582,68615.59999999999,52.4843559458212,102097.06666666667,2034.7907145609574,71.26666666666668,1.4847371634213393,36.13333333333334,0.7423685817106697,36.13333333333334,0.7423685817106697,8.933333333333334,0.31572541817620525,0.0,0.0,0.0,0.0,1.0,0.0
65000.0,6.053929338,1.4469186456861656E-6,65000.0,0.8700802743355935,0.09362297030388911,0.987,0.0,0.8125,0.013171225937183385,0.0,0.0,-0.3080495356037131,65000.0,1675240.0,15.0,0.9999976094740984,2.3905259014008216E-6,69689.53333333333,54.58526459687777,104381.33333333334,2136.0239223438944,72.73333333333333,1.5351955565417057,36.86666666666667,0.7675977782708528,36.86666666666667,0.7675977782708528,8.933333333333334,0.31572541817620525,0.0,0.0,0.0,0.0,1.0,0.0
66000.0,6.164551833,1.4953679757012735E-6,66000.0,0.661144578313253,0.04502602039012604,0.996,0.0,0.8700802743355935,0.004016064257028112,0.0,0.0,0.5938461538461549,66000.0,1692960.0,15.0,0.9999999999999994,1.073089126777963E-17,70722.53333333333,53.90899444934655,105553.59999999999,2006.412303448265,73.40000000000002,1.450123147479945,37.20000000000001,0.7250615737399725,37.20000000000001,0.7250615737399725,8.933333333333334,0.31572541817620525,0.0,0.0,0.0,0.0,1.0,0.0
67000.0,6.273241292,1.5434693955826384E-6,67000.0,0.874201143625967,0.17612185961726998,0.992,0.19855740332598087,0.661144578313253,0.009081735620585268,0.3333333333333333,0.1111111111111111,0.18664643399089337,67000.0,1710696.0,15.0,0.9999999393653991,6.063460101172894E-8,71778.26666666666,54.78020729342943,106726.40000000001,1844.8478084087249,74.2,1.3208943579112997,37.6,0.6604471789556499,37.6,0.6604471789556499,9.0,0.29277002188456,0.0,0.0,0.0,0.0,1.0,0.0
68000.0,6.38886609,1.5955693002915337E-6,68000.0,0.7776653171390013,0.11418704340475908,0.989,0.1522811344019713,0.874201143625967,0.012145748987854251,0.28867513459481287,0.08333333333333333,-0.1147540983606622,68000.0,1741760.0,15.0,0.9998938862838939,1.0611371610616423E-4,72869.66666666667,58.22302495508674,108779.73333333334,1739.70968422804,75.66666666666669,1.2598815766974238,38.33333333333334,0.6299407883487119,38.33333333333334,0.6299407883487119,9.0,0.29277002188456,0.0,0.0,0.0,0.0,1.0,0.0
69000.0,6.49729859,1.6445780778170167E-6,69000.0,0.8806030150753769,0.2334306675953447,0.996,0.3322203672787907,0.7776653171390013,0.005025125628140704,0.4472135954999579,0.2,0.5917159763313609,69000.0,1747096.0,15.0,0.999999999576962,4.2303785121707747E-10,73924.33333333331,59.23686647018433,109132.26666666666,1793.0928413715162,75.93333333333334,1.3073661878778833,38.46666666666667,0.6536830939389416,38.46666666666667,0.6536830939389416,9.066666666666666,0.3002644337225609,0.0,0.0,0.0,0.0,1.0,0.0
70000.0,6.60966144,1.695963478507155E-6,70000.0,0.6327638190954774,0.03168290720813121,0.995,0.0,0.8806030150753769,0.005025125628140704,0.0,0.0,0.48604992657856,70000.0,1767744.0,15.0,0.9745813417166552,0.025418658283344733,74966.8,59.3270355138118,110496.53333333333,1829.9745870383963,77.13333333333334,1.3447133405503076,39.06666666666667,0.6723566702751538,39.06666666666667,0.6723566702751538,9.133333333333333,0.29059326290271165,0.0,0.0,0.0,0.0,1.0,0.0
71000.0,6.723091512,1.748430634298527E-6,71000.0,0.9838872104733132,0.20768414444024444,0.994,0.24868519909842615,0.6327638190954774,0.007049345417925478,0.3779644730092272,0.14285714285714285,0.3808139534883747,71000.0,1787976.0,15.0,0.999999166293048,8.3370695205904E-7,76016.80000000002,61.919240797609504,111833.06666666667,1905.2711029858758,78.06666666666665,1.3782897154381362,39.533333333333324,0.6891448577190681,39.533333333333324,0.6891448577190681,9.133333333333333,0.29059326290271165,0.0,0.0,0.0,0.0,1.0,0.0
72000.0,6.832911139,1.7995948389117789E-6,72000.0,0.8551407108420227,0.13938422449391405,0.991,0.0,0.9838872104733132,0.009081735620585268,0.0,0.0,0.07030129124820823,72000.0,1800896.0,15.0,0.9999996410932611,3.589067386352806E-7,77091.86666666667,63.93611891245227,112687.46666666666,2062.5414509350826,78.73333333333333,1.432502527768622,39.86666666666667,0.716251263884311,39.86666666666667,0.716251263884311,9.133333333333333,0.29059326290271165,0.0,0.0,0.0,0.0,1.0,0.0
73000.0,6.943717733,1.8517875930066776E-6,73000.0,0.8394475615019422,0.10983229126176898,0.993,0.0,0.8551407108420227,0.007049345417925478,0.0,0.0,0.27414772727272496,73000.0,1820736.0,15.0,0.9999822924137506,1.770758624944448E-5,78141.13333333333,64.34704023730727,113999.46666666666,1888.406811162373,79.53333333333335,1.4795966846429294,40.26666666666667,0.7397983423214647,40.26666666666667,0.7397983423214647,9.133333333333333,0.29059326290271165,0.0,0.0,0.0,0.0,1.0,0.0
74000.0,7.05571048,1.9051504934844288E-6,74000.0,0.7097800338409476,0.08171960599680561,0.986,0.12335629304946916,0.8394475615019422,0.015228426395939087,0.2581988897471611,0.06666666666666667,-0.44089012517385456,74000.0,1841840.0,15.0,0.9999942411367541,5.75886324607151E-6,79254.26666666666,68.06925511612079,115396.79999999999,1981.1027693830385,80.33333333333334,1.4029447488244038,40.66666666666667,0.7014723744122019,40.66666666666667,0.7014723744122019,9.133333333333333,0.29059326290271165,0.0,0.0,0.0,0.0,1.0,0.0
75000.0,7.167583633,1.9588502473492897E-6,75000.0,0.9477772982304704,0.09107528797578276,0.993,0.0,0.7097800338409476,0.007049345417925478,0.0,0.0,0.2768595041322324,75000.0,1855448.0,15.0,0.9998568894902967,1.4311050970316043E-4,80310.0,67.81059054805637,116295.46666666667,2033.7080884941056,81.13333333333333,1.5671225273963154,41.06666666666666,0.7835612636981577,41.06666666666666,0.7835612636981577,9.133333333333333,0.29059326290271165,0.0,0.0,0.0,0.0,1.0,0.0
76000.0,7.276252809,2.0111861483304344E-6,76000.0,0.8902343312030496,0.14983831682938648,0.991,0.0,0.9477772982304704,0.009081735620585268,0.0,0.0,0.06938775510204208,76000.0,1861640.0,15.0,0.9767836308282041,0.023216369171795835,81376.13333333335,63.62006771352123,116705.6,2033.275370290156,81.26666666666667,1.5351955565417055,41.13333333333333,0.7675977782708527,41.13333333333333,0.7675977782708527,9.133333333333333,0.29059326290271165,0.0,0.0,0.0,0.0,1.0,0.0
77000.0,7.391395779,2.0673716986863456E-6,77000.0,0.806929027917928,0.08576008296741197,0.991,0.0,0.8902343312030496,0.009081735620585268,0.0,0.0,0.06854838709677753,77000.0,1886208.0,15.0,0.9988027481010096,0.0011972518989902688,82448.66666666667,68.22202316293826,118329.06666666667,1900.0626542718874,82.46666666666665,1.4271739196136526,41.73333333333333,0.7135869598068263,41.73333333333333,0.7135869598068263,9.2,0.27945525240230884,0.0,0.0,0.0,0.0,1.0,0.0
78000.0,7.503990682,2.1227167894899635E-6,78000.0,0.7038539553752535,0.06265067032729423,0.986,0.0,0.806929027917928,0.014198782961460446,0.0,0.0,-0.4406332453825849,78000.0,1900040.0,15.0,0.9999995396690513,4.603309486216685E-7,83553.6,69.2486066560876,119244.79999999999,2052.685532940411,83.0,1.5491933384829664,42.0,0.7745966692414832,42.0,0.7745966692414832,9.2,0.27945525240230884,0.0,0.0,0.0,0.0,1.0,0.0
79000.0,7.624002402,2.182360538162601E-6,79000.0,0.8403865637908191,0.10048791746184513,0.987,0.0,0.7038539553752535,0.013171225937183385,0.0,0.0,-0.3320363164721228,79000.0,1921072.0,15.0,0.9999978034377983,2.196562201731641E-6,84654.06666666665,67.11109954798616,120633.59999999999,2066.6866530523594,84.2,1.483881653604748,42.6,0.741940826802374,42.6,0.741940826802374,9.2,0.27945525240230884,0.0,0.0,0.0,0.0,1.0,0.0
80000.0,7.73636861,2.238542732784429E-6,80000.0,0.7569304435483871,0.10047776847229399,0.992,0.0,0.8403865637908191,0.008064516129032258,0.0,0.0,0.17843388960204934,80000.0,1932704.0,15.0,0.9999436079070327,5.63920929671875E-5,85714.66666666666,68.87902899228938,121403.73333333334,2258.8990311689176,84.73333333333333,1.6197197484417063,42.86666666666667,0.8098598742208531,42.86666666666667,0.8098598742208531,9.2,0.27945525240230884,0.0,0.0,0.0,0.0,1.0,0.0
81000.0,7.854807639,2.2985706819069548E-6,81000.0,0.8828125,0.06398326154632453,0.992,0.0,0.7569304435483871,0.008064516129032258,0.0,0.0,0.17662007623888415,81000.0,1959120.0,15.0,0.9999993619197465,6.380802534016168E-7,86772.93333333335,70.47657271453623,123149.33333333333,2223.3516926492644,85.93333333333334,1.596026812839179,43.46666666666667,0.7980134064195895,43.46666666666667,0.7980134064195895,9.2,0.27945525240230884,0.0,0.0,0.0,0.0,1.0,0.0
82000.0,7.971145587,2.3581229222879224E-6,82000.0,0.7976190476190477,0.06077817519551573,0.994,0.0,0.8828125,0.006036217303822937,0.0,0.0,0.3795712484237039,82000.0,1978696.0,15.0,0.9999970486871684,2.951312831439315E-6,87811.19999999998,66.99255111400079,124444.26666666666,2043.1585432892555,86.6,1.4631993647320862,43.8,0.7315996823660431,43.8,0.7315996823660431,9.266666666666666,0.24816788991991207,0.0,0.0,0.0,0.0,1.0,0.0
83000.0,8.089495087,2.4192295107941656E-6,83000.0,0.8850084602368866,0.15814585226899427,0.985,0.0,0.7976190476190477,0.015228426395939087,0.0,0.0,-0.540841584158414,83000.0,1995832.0,15.0,0.9979860939947092,0.002013906005290663,88928.53333333333,65.07247729714408,125576.0,1996.2993572632147,87.93333333333334,1.6079169211737356,44.46666666666667,0.8039584605868678,44.46666666666667,0.8039584605868678,9.266666666666666,0.24816788991991207,0.0,0.0,0.0,0.0,1.0,0.0
84000.0,8.211746419,2.4835469465524034E-6,84000.0,0.6330761437144415,0.10195948444981022,0.988,0.1412623443537949,0.8850084602368866,0.013171225937183385,0.2773500981126146,0.07692307692307693,-0.227771010962236,84000.0,2033656.0,15.0,0.9484549742527221,0.05154502574727787,90025.86666666665,65.4486979510834,128078.93333333333,2113.8976851995612,89.13333333333334,1.5302245918777087,45.06666666666667,0.7651122959388543,45.06666666666667,0.7651122959388543,9.266666666666666,0.24816788991991207,0.0,0.0,0.0,0.0,1.0,0.0
85000.0,8.330466546,2.5465147017569357E-6,85000.0,0.8035353535353535,0.0985251395603457,0.99,0.0,0.6330761437144415,0.010101010101010102,0.0,0.0,-0.02286401925391382,85000.0,2050200.0,15.0,0.9999999965199982,3.4800017313735123E-9,91087.86666666667,69.16686976447555,129172.26666666665,2051.759921597314,89.93333333333334,1.4847371634213393,45.46666666666667,0.7423685817106697,45.46666666666667,0.7423685817106697,9.266666666666666,0.24816788991991207,0.0,0.0,0.0,0.0,1.0,0.0
86000.0,8.448601451,2.60947327709058E-6,86000.0,0.8150016818028927,0.05898367695855698,0.991,0.0,0.8035353535353535,0.009081735620585268,0.0,0.0,0.07857142857142395,86000.0,2060056.0,15.0,0.9999999994515667,5.484333425386542E-10,92148.13333333333,69.75404863939671,129822.93333333333,2071.1321391397933,90.73333333333333,1.5351955565417048,45.86666666666667,0.7675977782708524,45.86666666666667,0.7675977782708524,9.333333333333332,0.2323106841457232,0.0,0.0,0.0,0.0,1.0,0.0
87000.0,8.574317197,2.6775855494419437E-6,87000.0,0.7836134453781513,0.1424010864900021,0.986,0.0,0.8150016818028927,0.014198782961460446,0.0,0.0,-0.4262295081967211,87000.0,2094296.0,15.0,0.9999780398559127,2.1960144087179223E-5,93239.26666666668,74.62991017054385,132084.80000000002,1974.4726389354605,92.73333333333332,1.4457381264111182,46.86666666666666,0.7228690632055591,46.86666666666666,0.7228690632055591,9.4,0.2138089935299395,0.0,0.0,0.0,0.0,1.0,0.0
88000.0,8.700808803,2.7472786846416394E-6,88000.0,0.8726262626262626,0.10435267728081725,0.99,0.0,0.7836134453781513,0.010101010101010102,0.0,0.0,-0.018518518518517473,88000.0,2129760.0,15.0,0.9999997598148543,2.401851456711846E-7,94299.26666666666,75.10731792807663,134429.33333333334,2121.425384851436,93.93333333333332,1.522737718298906,47.46666666666666,0.761368859149453,47.46666666666666,0.761368859149453,9.4,0.2138089935299395,0.0,0.0,0.0,0.0,1.0,0.0
89000.0,8.82418803,2.8158524587271313E-6,89000.0,0.8664940296360236,0.10233012705741204,0.993,0.0,0.8726262626262626,0.007049345417925478,0.0,0.0,0.28473019517795795,89000.0,2148416.0,15.0,0.999999999999964,3.5882669882333646E-14,95354.06666666665,75.96606176236061,135661.33333333334,2129.1409281828883,95.00000000000001,1.632993161855452,48.00000000000001,0.816496580927726,48.00000000000001,0.816496580927726,9.466666666666665,0.19189944456771318,0.0,0.0,0.0,0.0,1.0,0.0
90000.0,8.947956209,2.88532274900849E-6,90000.0,0.79526147611254,0.12267992421502658,0.987,0.0,0.8664940296360236,0.013171225937183385,0.0,0.0,-0.32352941176471317,90000.0,2169664.0,15.0,0.9771232075450388,0.022876792454961013,96444.2,73.54183778477385,137066.66666666666,2256.466100674252,95.93333333333332,1.7112141795386018,48.46666666666666,0.8556070897693009,48.46666666666666,0.8556070897693009,9.466666666666665,0.19189944456771318,0.0,0.0,0.0,0.0,1.0,0.0
91000.0,9.07190118,2.9552257439004663E-6,91000.0,0.9809395672160556,0.17390934238015757,0.991,0.0,0.79526147611254,0.009081735620585268,0.0,0.0,0.08286674132138368,91000.0,2180064.0,15.0,0.9794108101432277,0.02058918985677228,97510.86666666668,72.78473588450784,137751.46666666667,2246.1205451827527,97.00000000000001,1.8923404505934922,49.00000000000001,0.9461702252967461,49.00000000000001,0.9461702252967461,9.466666666666665,0.19189944456771318,0.0,0.0,0.0,0.0,1.0,0.0
92000.0,9.199442877,3.0282054243593015E-6,92000.0,0.8146929824561403,0.061164203119315586,0.988,0.0,0.9809395672160556,0.012145748987854251,0.0,0.0,-0.21988950276243527,92000.0,2211832.0,15.0,0.9981064408218598,0.001893559178140067,98597.39999999998,75.36689939097684,139852.80000000002,2225.2082774642104,98.46666666666667,1.7831664363380495,49.733333333333334,0.8915832181690247,49.733333333333334,0.8915832181690247,9.466666666666665,0.19189944456771318,0.0,0.0,0.0,0.0,1.0,0.0
93000.0,9.329316212,3.1037196749009767E-6,93000.0,0.9163526059380458,0.1311866373151489,0.989,0.0,0.8146929824561403,0.011122345803842264,0.0,0.0,-0.11681222707424041,93000.0,2247560.0,15.0,0.999380987635327,6.190123646728374E-4,99681.46666666667,72.53129811570393,142215.46666666665,2319.6619085889924,99.53333333333333,1.7831664363380497,50.266666666666666,0.8915832181690249,50.266666666666666,0.8915832181690249,9.466666666666665,0.19189944456771318,0.0,0.0,0.0,0.0,1.0,0.0
94000.0,9.455645673,3.1776071054389737E-6,94000.0,0.7208249496981891,0.05225838427357258,0.994,0.0,0.9163526059380458,0.006036217303822937,0.0,0.0,0.38828633405640073,94000.0,2260832.0,15.0,0.9651321390898173,0.0348678609101826,100727.0,71.92926419489544,143092.26666666663,2200.631717672313,100.2,1.676731514413852,50.6,0.838365757206926,50.6,0.838365757206926,9.466666666666665,0.19189944456771318,0.0,0.0,0.0,0.0,1.0,0.0
95000.0,9.585294616,3.2542970767304523E-6,95000.0,0.7645452235772358,0.10608500985763292,0.984,0.0,0.7208249496981891,0.016260162601626018,0.0,0.0,-0.6204690831556432,95000.0,2286504.0,15.0,0.9856648869671379,0.014335113032862022,101840.46666666667,71.55935709116977,144790.39999999997,2017.3250671784826,101.40000000000002,1.489007339519472,51.20000000000001,0.744503669759736,51.20000000000001,0.744503669759736,9.466666666666665,0.19189944456771318,0.0,0.0,0.0,0.0,1.0,0.0
96000.0,9.714997542,3.331751804653366E-6,96000.0,0.9088961693548387,0.09834178281346154,0.992,0.0,0.7645452235772358,0.008064516129032258,0.0,0.0,0.18816067653277319,96000.0,2308344.0,15.0,0.9999328439271254,6.71560728744965E-5,102902.2,71.46522297759994,146234.13333333336,1973.5904285546537,102.33333333333333,1.443100718085776,51.666666666666664,0.721550359042888,51.666666666666664,0.721550359042888,9.466666666666665,0.19189944456771318,0.0,0.0,0.0,0.0,1.0,0.0
97000.0,9.844267612,3.409317781474977E-6,97000.0,0.8654689608636977,0.07804200361912764,0.988,0.0,0.9088961693548387,0.012145748987854251,0.0,0.0,-0.21503131524008126,97000.0,2319400.0,15.0,0.9999988565674193,1.143432580762095E-6,103990.26666666669,71.72443740200926,146963.2,2138.9230294038834,103.53333333333333,1.4404584808041625,52.266666666666666,0.7202292404020812,52.266666666666666,0.7202292404020812,9.533333333333333,0.215288658199187,0.0,0.0,0.0,0.0,1.0,0.0
98000.0,9.978317399,3.49120463597475E-6,98000.0,0.8795105603616242,0.08872073718777332,0.987,0.0,0.8654689608636977,0.013171225937183385,0.0,0.0,-0.3120494335736422,98000.0,2361296.0,15.0,0.956889023055017,0.043110976944982865,105092.33333333336,71.44179560124351,149735.46666666665,1886.9607255273079,105.0,1.5118578920369083,53.0,0.7559289460184542,53.0,0.7559289460184542,9.533333333333333,0.215288658199187,0.0,0.0,0.0,0.0,1.0,0.0
99000.0,10.111401571,3.573203426374066E-6,99000.0,0.749746963562753,0.08413711526330064,0.988,0.0,0.8795105603616242,0.012145748987854251,0.0,0.0,-0.20854526958291425,99000.0,2381680.0,15.0,0.9717476392042294,0.028252360795770513,106192.06666666665,75.30442766130622,151083.7333333333,2017.1222676227844,105.80000000000001,1.595230987901722,53.400000000000006,0.797615493950861,53.400000000000006,0.797615493950861,9.600000000000001,0.21380899352993962,0.0,0.0,0.0,0.0,1.0,0.0
100000.0,10.24221973,3.654310964117236E-6,100000.0,0.9240201005025126,0.08775997928894597,0.995,0.0,0.749746963562753,0.005025125628140704,0.0,0.0,0.49392712550607243,100000.0,2396600.0,15.0,0.9999999968538362,3.1461637375229625E-9,107224.93333333333,76.2433738989295,152070.40000000002,2169.824598572757,106.19999999999999,1.5952309879017224,53.599999999999994,0.7976154939508612,53.599999999999994,0.7976154939508612,9.600000000000001,0.21380899352993962,0.0,0.0,0.0,0.0,1.0,0.0
101000.0,10.376229031,3.7379650221703383E-6,101000.0,0.7601783915983312,0.06460236237327391,0.993,0.0,0.9240201005025126,0.007049345417925478,0.0,0.0,0.2894472361809045,101000.0,2412984.0,15.0,0.9998382690729605,1.6173092703954643E-4,108275.86666666667,74.03576141469708,153152.53333333333,2258.473546587368,107.4,1.6118607998506687,54.2,0.8059303999253343,54.2,0.8059303999253343,9.600000000000001,0.21380899352993962,0.0,0.0,0.0,0.0,1.0,0.0
102000.0,10.51032266,3.822302526292712E-6,102000.0,0.9668341708542714,0.16190511004804167,0.995,0.0,0.7601783915983312,0.005025125628140704,0.0,0.0,0.4899999999999977,102000.0,2431168.0,15.0,0.9999999998924695,1.0753054881117113E-10,109306.46666666667,72.63430034977678,154353.59999999998,2144.1504140557013,108.33333333333333,1.5936381457791913,54.666666666666664,0.7968190728895956,54.666666666666664,0.7968190728895956,9.600000000000001,0.21380899352993962,0.0,0.0,0.0,0.0,1.0,0.0
103000.0,10.646974686,3.908991229859336E-6,103000.0,0.8139424703891709,0.10342892733298766,0.985,0.0,0.9668341708542714,0.015228426395939087,0.0,0.0,-0.5221674876847301,103000.0,2452160.0,15.0,0.9683398780232055,0.031660121976794346,110410.13333333335,73.44157812047135,155741.33333333337,2134.6417892128807,109.66666666666667,1.6055459438389723,55.333333333333336,0.8027729719194862,55.333333333333336,0.8027729719194862,9.600000000000001,0.21380899352993962,0.0,0.0,0.0,0.0,1.0,0.0
104000.0,10.78577493,3.998047839357126E-6,104000.0,0.8993647609495152,0.12418082822922728,0.997,0.0,0.8139424703891709,0.003009027081243731,0.0,0.0,0.69351669941061,104000.0,2480152.0,15.0,0.999999507811916,4.921880838286084E-7,111439.73333333334,77.91188347936152,157591.46666666665,2187.1582908437035,110.73333333333332,1.7112141795386013,55.86666666666666,0.8556070897693007,55.86666666666666,0.8556070897693007,9.666666666666668,0.21081851067789203,0.0,0.0,0.0,0.0,1.0,0.0
105000.0,10.926616451,4.089583319097324E-6,105000.0,0.8454790823211876,0.09086431122535217,0.988,0.0,0.8993647609495152,0.012145748987854251,0.0,0.0,-0.22330097087378575,105000.0,2512240.0,15.0,0.9833218596593072,0.01667814034069283,112524.86666666667,82.18549673157516,159712.53333333333,2262.7220982631197,112.06666666666666,1.744287729286565,56.53333333333333,0.8721438646432825,56.53333333333333,0.8721438646432825,9.733333333333334,0.20625150312102591,0.0,0.0,0.0,0.0,1.0,0.0
106000.0,11.066449035,4.180908745639586E-6,106000.0,0.9447236180904522,0.10372901411006155,0.995,0.0,0.8454790823211876,0.005025125628140704,0.0,0.0,0.48792270531400894,106000.0,2524560.0,15.0,0.9999994527384256,5.472615743719954E-7,113555.13333333333,78.42666375220647,160525.33333333337,2252.042549430282,113.13333333333334,1.7508274687692176,57.06666666666667,0.8754137343846088,57.06666666666667,0.8754137343846088,9.733333333333334,0.20625150312102591,0.0,0.0,0.0,0.0,1.0,0.0
107000.0,11.207801702,4.274224815282965E-6,107000.0,0.8050814433793158,0.0916493534476252,0.987,0.0,0.9447236180904522,0.013171225937183385,0.0,0.0,-0.3272900763358842,107000.0,2551848.0,15.0,0.977059799418311,0.022940200581688837,114637.2,76.91753159499261,162330.13333333333,2432.5745520150267,114.06666666666666,1.8086213288334045,57.53333333333333,0.9043106644167023,57.53333333333333,0.9043106644167023,9.8,0.24299715851758244,0.0,0.0,0.0,0.0,1.0,0.0
108000.0,11.355416746,4.372799344606452E-6,108000.0,0.7522658610271903,0.10182533129061949,0.993,0.0,0.8050814433793158,0.007049345417925478,0.0,0.0,0.28341232227488433,108000.0,2581288.0,15.0,0.9814697981112165,0.018530201888783477,115684.66666666667,76.54769236462428,164277.3333333333,2325.096492962668,114.99999999999999,1.6790019711267816,57.99999999999999,0.8395009855633908,57.99999999999999,0.8395009855633908,9.8,0.24299715851758244,0.0,0.0,0.0,0.0,1.0,0.0
109000.0,11.506603598,4.474954326836792E-6,109000.0,0.866348009927383,0.09477500218785544,0.989,0.0,0.7522658610271903,0.011122345803842264,0.0,0.0,-0.12476547842401524,109000.0,2611848.0,15.0,0.8754565638022792,0.12454343619772079,116773.46666666666,78.55431040076492,166297.06666666665,2361.5737599092818,116.46666666666667,1.7724523411328443,58.733333333333334,0.8862261705664222,58.733333333333334,0.8862261705664222,9.8,0.24299715851758244,0.0,0.0,0.0,0.0,1.0,0.0
110000.0,11.657194638,4.577593722642655E-6,110000.0,0.9112690355329949,0.1335130540982103,0.985,0.0,0.866348009927383,0.015228426395939087,0.0,0.0,-0.5263644773358082,110000.0,2634616.0,15.0,0.9965663158709491,0.003433684129050727,117881.26666666668,80.92556642734841,167802.13333333333,2208.843243627902,117.53333333333332,1.5792302726227905,59.26666666666666,0.7896151363113952,59.26666666666666,0.7896151363113952,9.8,0.24299715851758244,0.0,0.0,0.0,0.0,1.0,0.0
111000.0,11.80470667,4.678521036628943E-6,111000.0,0.8489268947015426,0.09904690461097637,0.994,0.0,0.9112690355329949,0.006036217303822937,0.0,0.0,0.3873045078196853,111000.0,2644744.0,15.0,0.9998544421022112,1.4555789778878116E-4,118933.46666666666,80.5485282101757,168471.4666666667,2114.267969380704,118.20000000000002,1.583245611605056,59.60000000000001,0.791622805802528,59.60000000000001,0.791622805802528,9.8,0.24299715851758244,0.0,0.0,0.0,0.0,1.0,0.0
112000.0,11.963924647,4.788332066918554E-6,112000.0,0.5984750395626529,0.049601672403659994,0.993,0.0,0.8489268947015426,0.007049345417925478,0.0,0.0,0.2833638025594116,112000.0,2665976.0,15.0,0.9999999999685418,3.145798848261261E-11,119986.0,82.81528499360113,169876.26666666666,2252.855203147598,119.0,1.7457431218879387,60.0,0.8728715609439693,60.0,0.8728715609439693,9.866666666666667,0.2557280301351915,0.0,0.0,0.0,0.0,1.0,0.0
113000.0,12.119881549,4.896667321959416E-6,113000.0,0.8350100603621731,0.05296766301046206,0.994,0.0,0.5984750395626529,0.006036217303822937,0.0,0.0,0.38363636363636267,113000.0,2685144.0,15.0,0.9989224567333868,0.0010775432666131827,121019.6,81.1453604576957,171141.33333333334,2366.746085857255,120.33333333333333,1.6291004431796874,60.666666666666664,0.8145502215898437,60.666666666666664,0.8145502215898437,9.933333333333334,0.2481678899199121,0.0,0.0,0.0,0.0,1.0,0.0
114000.0,12.27386493,5.004744520879225E-6,114000.0,0.7171361502347418,0.14561433713830507,0.994,0.0,0.8350100603621731,0.006036217303822937,0.0,0.0,0.38155515370704973,114000.0,2713080.0,15.0,0.9999999999999994,2.531398457587852E-16,122057.86666666667,80.03926814036024,172986.13333333333,2299.2357443842006,121.80000000000001,1.7326005777168496,61.400000000000006,0.8663002888584248,61.400000000000006,0.8663002888584248,9.933333333333334,0.2481678899199121,0.0,0.0,0.0,0.0,1.0,0.0
115000.0,12.423801894,5.110699075529139E-6,115000.0,0.8331070377913555,0.15400040398549725,0.982,0.0,0.7171361502347418,0.018329938900203666,0.0,0.0,-0.8416370106761509,115000.0,2731576.0,15.0,0.9877848839733244,0.012215116026675615,123192.13333333333,80.31882105629427,174212.2666666667,2324.858212710261,122.2,1.7544501241401071,61.6,0.8772250620700536,61.6,0.8772250620700536,9.933333333333334,0.2481678899199121,0.0,0.0,0.0,0.0,1.0,0.0
116000.0,12.575538103,5.218665578316571E-6,116000.0,0.6497975708502024,0.03903009373765526,0.988,0.0,0.8331070377913555,0.012145748987854251,0.0,0.0,-0.22535211267605443,116000.0,2750440.0,15.0,0.9686159891230264,0.03138401087697352,124285.53333333334,80.90210819942214,175460.80000000002,2517.7643053198713,122.86666666666666,1.793816539609828,61.93333333333333,0.896908269804914,61.93333333333333,0.896908269804914,9.933333333333334,0.2481678899199121,0.0,0.0,0.0,0.0,1.0,0.0
117000.0,12.729684774,5.3292663279315426E-6,117000.0,0.8403030303030303,0.10273022178300559,0.99,0.0,0.6497975708502024,0.010101010101010102,0.0,0.0,-0.020942408376961867,117000.0,2773488.0,15.0,0.9878422746972976,0.012157725302702418,125353.46666666666,80.63715713683739,176984.0,2384.2492678888616,124.06666666666665,1.7112141795386013,62.533333333333324,0.8556070897693007,62.533333333333324,0.8556070897693007,9.933333333333334,0.2481678899199121,0.0,0.0,0.0,0.0,1.0,0.0
118000.0,12.885969069,5.4424086903332394E-6,118000.0,0.8348515519568152,0.13424020436428735,0.988,0.0,0.8403030303030303,0.012145748987854251,0.0,0.0,-0.22279792746114435,118000.0,2798416.0,15.0,0.9409509563776669,0.059049043622332986,126460.86666666665,81.22073783196223,178631.46666666665,2372.3132489431305,125.26666666666667,1.798058918115831,63.13333333333333,0.8990294590579155,63.13333333333333,0.8990294590579155,10.0,0.23904572186687872,0.0,0.0,0.0,0.0,1.0,0.0
119000.0,13.044078145,5.557960779404356E-6,119000.0,0.878575325383836,0.12825573010838706,0.987,0.0,0.8348515519568152,0.013171225937183385,0.0,0.0,-0.3210930828351841,119000.0,2825032.0,15.0,0.9999999999783494,2.165053374290884E-11,127549.06666666667,77.056532535206,180389.3333333333,2448.9037443734596,126.73333333333333,1.7223092655934955,63.86666666666667,0.8611546327967478,63.86666666666667,0.8611546327967478,10.0,0.23904572186687872,0.0,0.0,0.0,0.0,1.0,0.0
120000.0,13.20422491,5.675868474506954E-6,120000.0,0.7841414141414141,0.11631347854909066,0.99,0.0,0.878575325383836,0.010101010101010102,0.0,0.0,-0.016088060965287573,120000.0,2845944.0,15.0,0.9863575295058592,0.01364247049414067,128637.13333333333,78.22402910972268,181770.6666666667,2300.734414147892,128.06666666666666,1.755173757960995,64.53333333333333,0.8775868789804976,64.53333333333333,0.8775868789804976,10.0,0.23904572186687872,0.0,0.0,0.0,0.0,1.0,0.0
121000.0,13.365534331,5.795781273503317E-6,121000.0,0.6613659343689677,0.043895111494554565,0.989,0.0,0.7841414141414141,0.011122345803842264,0.0,0.0,-0.11661073825503605,121000.0,2873480.0,15.0,0.9999999999999994,1.1741639079643614E-18,129722.8,81.33676027128504,183594.66666666672,2474.7699896328345,128.6,1.8226093278332474,64.8,0.9113046639166237,64.8,0.9113046639166237,10.066666666666665,0.2281742581087799,0.0,0.0,0.0,0.0,1.0,0.0
122000.0,13.530675305,5.9200758912268415E-6,122000.0,0.8544839255499154,0.07454877162611584,0.985,0.0,0.6613659343689677,0.015228426395939087,0.0,0.0,-0.5161557580778869,122000.0,2909376.0,15.0,0.9986697205245132,0.0013302794754867198,130836.46666666667,81.83146831353415,185966.93333333332,2455.1575247040887,130.6,1.8121284512444265,65.8,0.9060642256222132,65.8,0.9060642256222132,10.266666666666666,0.248167889919912,0.0,0.0,0.0,0.0,1.0,0.0
123000.0,13.691703102,6.042183505871961E-6,123000.0,0.7580808080808081,0.11888181693640286,0.99,0.0,0.8544839255499154,0.010101010101010102,0.0,0.0,-0.010682004930159902,123000.0,2931192.0,15.0,0.9999999946902357,5.30976421372161E-9,131922.4,82.5277327125056,187410.1333333333,2597.309138442115,131.53333333333333,2.004439517116388,66.26666666666667,1.002219758558194,66.26666666666667,1.002219758558194,10.266666666666666,0.248167889919912,0.0,0.0,0.0,0.0,1.0,0.0
124000.0,13.857670488,6.1692060480244285E-6,124000.0,0.8634343434343434,0.12192617449445665,0.99,0.0,0.7580808080808081,0.010101010101010102,0.0,0.0,-0.010594947025271001,124000.0,2958424.0,15.0,0.999293033902294,7.069660977060178E-4,132994.13333333333,79.69530467537994,189208.00000000003,2711.0683608391096,133.2666666666667,1.9110372817042298,67.13333333333335,0.9555186408521149,67.13333333333335,0.9555186408521149,10.399999999999999,0.21380899352993948,0.0,0.0,0.0,0.0,1.0,0.0
125000.0,14.021213113,6.2955906186346724E-6,125000.0,0.8441952385329534,0.07974248049397221,0.989,0.0,0.8634343434343434,0.011122345803842264,0.0,0.0,-0.11066235864297085,125000.0,2987208.0,15.0,0.9999990738306593,9.261693404814082E-7,134083.2,84.48466752978833,191114.66666666666,2512.736763858173,133.66666666666666,1.8274798329072026,67.33333333333333,0.9137399164536013,67.33333333333333,0.9137399164536013,10.399999999999999,0.21380899352993948,0.0,0.0,0.0,0.0,1.0,0.0
126000.0,14.180773831,6.419320691553865E-6,126000.0,0.8927291111315379,0.13926862549792393,0.989,0.0,0.8441952385329534,0.011122345803842264,0.0,0.0,-0.10968775020016555,126000.0,2997448.0,15.0,0.9996618608086394,3.3813919136046523E-4,135158.6,85.81351874850448,191792.00000000003,2443.8795075901435,134.2,1.732600577716851,67.6,0.8663002888584255,67.6,0.8663002888584255,10.399999999999999,0.21380899352993948,0.0,0.0,0.0,0.0,1.0,0.0
127000.0,14.343203446,6.546152482696798E-6,127000.0,0.723939393939394,0.07397819411785535,0.99,0.0,0.8927291111315379,0.010101010101010102,0.0,0.0,-0.008737092930893357,127000.0,3018320.0,15.0,0.9999999999999994,1.2066320177978839E-17,136217.46666666665,83.44355757988555,193170.66666666666,2524.49385151741,135.53333333333333,1.835799207473064,68.26666666666667,0.917899603736532,68.26666666666667,0.917899603736532,10.399999999999999,0.21380899352993948,0.0,0.0,0.0,0.0,1.0,0.0
128000.0,14.509707286,6.677399945501911E-6,128000.0,0.8011489438094668,0.12706844388099503,0.983,0.0,0.723939393939394,0.017293997965412006,0.0,0.0,-0.7053291536050222,128000.0,3046976.0,15.0,0.9999982572726988,1.7427273012557896E-6,137346.86666666667,79.36245163903818,195063.46666666667,2556.949547645856,137.2666666666667,1.9602397002763923,69.13333333333335,0.9801198501381961,69.13333333333335,0.9801198501381961,10.466666666666667,0.215288658199187,0.0,0.0,0.0,0.0,1.0,0.0
129000.0,14.672030872,6.806138415956574E-6,129000.0,0.9136814846784636,0.15211357843927187,0.993,0.0,0.8011489438094668,0.007049345417925478,0.0,0.0,0.2961808261886225,129000.0,3065696.0,15.0,0.9999998537165731,1.4628342682938276E-7,138383.8,81.08456491014103,196301.86666666667,2660.311642801534,137.8,1.8802228844576099,69.4,0.9401114422288049,69.4,0.9401114422288049,10.466666666666667,0.215288658199187,0.0,0.0,0.0,0.0,1.0,0.0
130000.0,14.836812555,6.937834491490285E-6,130000.0,0.731696378517771,0.0753849337913182,0.991,0.0,0.9136814846784636,0.009081735620585268,0.0,0.0,0.09442724458204474,130000.0,3089344.0,15.0,0.9928210201230787,0.0071789798769211,139459.26666666666,83.68691464344577,197865.6,2489.8781090839043,138.86666666666665,1.8970319340301474,69.93333333333332,0.9485159670150737,69.93333333333332,0.9485159670150737,10.466666666666667,0.215288658199187,0.0,0.0,0.0,0.0,1.0,0.0
131000.0,15.002104608,7.0707745290811216E-6,131000.0,0.7766599597585513,0.07630934035378686,0.994,0.0,0.731696378517771,0.006036217303822937,0.0,0.0,0.39445300462249455,131000.0,3108896.0,15.0,0.999999999984475,1.5524965777828644E-11,140495.66666666666,85.24081666312892,199157.33333333334,2651.009271717124,139.9333333333333,2.0176994600562077,70.46666666666665,1.0088497300281039,70.46666666666665,1.0088497300281039,10.466666666666667,0.215288658199187,0.0,0.0,0.0,0.0,1.0,0.0
132000.0,15.172877643,7.20991114612101E-6,132000.0,0.8620342396777442,0.12927465472958752,0.993,0.0,0.7766599597585513,0.007049345417925478,0.0,0.0,0.2919540229885052,132000.0,3149376.0,15.0,0.9999991484904804,8.515095193945574E-7,141554.1333333333,87.83018608258705,201833.0666666667,2663.020539710619,141.4,1.9341541771411035,71.2,0.9670770885705517,71.2,0.9670770885705517,10.533333333333333,0.215288658199187,0.0,0.0,0.0,0.0,1.0,0.0
133000.0,15.338096564,7.3449116974474385E-6,133000.0,0.898989898989899,0.10513391171982411,0.99,0.0,0.8620342396777442,0.010101010101010102,0.0,0.0,-0.011406844106459523,133000.0,3158480.0,15.0,0.9999999845754594,1.5424540557722637E-8,142613.73333333334,88.35892531340544,202433.6,2543.1797659435642,142.2,1.8495816772860791,71.6,0.9247908386430396,71.6,0.9247908386430396,10.533333333333333,0.215288658199187,0.0,0.0,0.0,0.0,1.0,0.0
134000.0,15.507843964,7.4848353844232585E-6,134000.0,0.6997554308732556,0.04503375313871274,0.993,0.0,0.898989898989899,0.007049345417925478,0.0,0.0,0.29046898638426855,134000.0,3186328.0,15.0,0.9999923822651955,7.6177348045866605E-6,143653.19999999998,91.68056344878285,204274.1333333333,2461.471363822995,143.53333333333333,1.8564345413585706,72.26666666666667,0.9282172706792853,72.26666666666667,0.9282172706792853,10.600000000000001,0.19023794624226845,0.0,0.0,0.0,0.0,1.0,0.0
135000.0,15.681685303,7.629675757212915E-6,135000.0,0.8615047233468286,0.10010619931339243,0.988,0.0,0.6997554308732556,0.012145748987854251,0.0,0.0,-0.2143928035982008,135000.0,3220616.0,15.0,0.9398734735814265,0.06012652641857351,144739.73333333337,93.17921629422668,206540.26666666663,2620.8384980795504,145.26666666666668,1.8086213288334052,73.13333333333334,0.9043106644167026,73.13333333333334,0.9043106644167026,10.733333333333333,0.2062515031210259,0.0,0.0,0.0,0.0,1.0,0.0
136000.0,15.852112133,7.772785827846535E-6,136000.0,0.845414551607445,0.10425177425171456,0.985,0.0,0.8615047233468286,0.015228426395939087,0.0,0.0,-0.5122312824314398,136000.0,3245896.0,15.0,0.9985197339252025,0.0014802660747973892,145831.1333333333,94.91283553454234,208212.26666666666,2385.096055701035,146.20000000000002,1.8495816772860774,73.60000000000001,0.9247908386430387,73.60000000000001,0.9247908386430387,10.733333333333333,0.2062515031210259,0.0,0.0,0.0,0.0,1.0,0.0
137000.0,16.026070767,7.919835839225686E-6,137000.0,0.7576962045047152,0.10838035043830552,0.987,0.0,0.845414551607445,0.013171225937183385,0.0,0.0,-0.30763582966226277,137000.0,3267544.0,15.0,0.987837792707867,0.01216220729213295,146936.46666666665,91.23568989771289,209642.13333333333,2618.413619817244,147.66666666666669,1.9968228732918667,74.33333333333334,0.9984114366459333,74.33333333333334,0.9984114366459333,10.8,0.2,0.0,0.0,0.0,0.0,1.0,0.0
138000.0,16.198883315,8.067289363583097E-6,138000.0,0.7811864837398373,0.06913526649664473,0.984,0.0,0.7576962045047152,0.016260162601626018,0.0,0.0,-0.6023222060957923,138000.0,3298240.0,15.0,0.9999999836978899,1.6302109976872835E-8,148054.73333333334,89.74537879954072,211674.13333333333,2580.684822118175,148.59999999999997,1.8639435920342977,74.79999999999998,0.9319717960171489,74.79999999999998,0.9319717960171489,10.8,0.2,0.0,0.0,0.0,0.0,1.0,0.0
139000.0,16.370460722,8.214274906190715E-6,139000.0,0.7173737373737373,0.05292388775112325,0.99,0.0,0.7811864837398373,0.010101010101010102,0.0,0.0,-0.0014409221902034113,139000.0,3311440.0,15.0,0.9955759970760193,0.004424002923980714,149142.6666666667,89.34649867452265,212546.1333333333,2598.047321440556,149.53333333333333,1.7508274687692174,75.26666666666667,0.8754137343846087,75.26666666666667,0.8754137343846087,10.866666666666667,0.21528865819918697,0.0,0.0,0.0,0.0,1.0,0.0
140000.0,16.547607786,8.367318669687856E-6,140000.0,0.8079381096535486,0.084177510788291,0.991,0.0,0.7173737373737373,0.009081735620585268,0.0,0.0,0.09806728704366091,140000.0,3339520.0,15.0,0.9999840732089115,1.5926791088519825E-5,150198.4,88.7639351903446,214400.53333333335,2451.5504246179485,151.2666666666667,1.798058918115831,76.13333333333335,0.8990294590579155,76.13333333333335,0.8990294590579155,10.866666666666667,0.21528865819918697,0.0,0.0,0.0,0.0,1.0,0.0
141000.0,16.727276718,8.524601553043648E-6,141000.0,0.7528677462887989,0.08666769914265954,0.988,0.0,0.8079381096535486,0.012145748987854251,0.0,0.0,-0.20085166784953462,141000.0,3383848.0,15.0,0.9955143520797313,0.004485647920268616,151277.6666666667,86.02290208159556,217331.73333333334,2514.948814146677,152.73333333333335,1.8191224118256453,76.86666666666667,0.9095612059128226,76.86666666666667,0.9095612059128226,10.866666666666667,0.21528865819918697,0.0,0.0,0.0,0.0,1.0,0.0
142000.0,16.904661992,8.680975652491918E-6,142000.0,0.8249496981891348,0.04134620894506229,0.994,0.0,0.7528677462887989,0.006036217303822937,0.0,0.0,0.3978798586572435,142000.0,3407608.0,15.0,0.9992144832787078,7.855167212922546E-4,152315.86666666664,87.77714566780683,218901.86666666667,2497.7423060238993,153.8,1.8598515045690125,77.4,0.9299257522845062,77.4,0.9299257522845062,10.933333333333334,0.2062515031210259,0.0,0.0,0.0,0.0,1.0,0.0
143000.0,17.080441198,8.836616762370256E-6,143000.0,0.8917171717171717,0.1297448019858477,0.99,0.0,0.8249496981891348,0.010101010101010102,0.0,0.0,-0.003508771929823936,143000.0,3422624.0,15.0,0.9999996770667067,3.229332932537755E-7,153391.06666666668,91.62009899406418,219893.86666666667,2560.328843958594,154.73333333333335,1.9407084289890655,77.86666666666667,0.9703542144945327,77.86666666666667,0.9703542144945327,10.933333333333334,0.2062515031210259,0.0,0.0,0.0,0.0,1.0,0.0
144000.0,17.25855646,8.9953813130205E-6,144000.0,0.8474178403755869,0.09363218711175728,0.994,0.0,0.8917171717171717,0.006036217303822937,0.0,0.0,0.39622641509434176,144000.0,3445520.0,15.0,0.9999992498274268,7.501725731255385E-7,154443.06666666662,89.57579746819954,221406.4,2637.8863920083554,155.8,2.0544956512371546,78.4,1.0272478256185773,78.4,1.0272478256185773,11.066666666666666,0.248167889919912,0.0,0.0,0.0,0.0,1.0,0.0
145000.0,17.437777106,9.156084040476796E-6,145000.0,0.9056250899151201,0.15078584806687392,0.993,0.0,0.8474178403755869,0.007049345417925478,0.0,0.0,0.2941585535465945,145000.0,3466072.0,15.0,0.9947665084416207,0.005233491558379204,155485.8,84.85568701653325,222763.19999999998,2460.995917645266,157.0,1.9712215212183246,79.0,0.9856107606091623,79.0,0.9856107606091623,11.066666666666666,0.248167889919912,0.0,0.0,0.0,0.0,1.0,0.0
146000.0,17.615953491,9.316701859867324E-6,146000.0,0.7832661290322581,0.07650950122167441,0.992,0.0,0.9056250899151201,0.008064516129032258,0.0,0.0,0.1922544951590581,146000.0,3484544.0,15.0,0.9999999999696302,3.0369802203444053E-11,156546.4,80.29308219030466,223985.06666666665,2565.87395946742,157.79999999999998,2.10034010851304,79.39999999999999,1.05017005425652,79.39999999999999,1.05017005425652,11.066666666666666,0.248167889919912,0.0,0.0,0.0,0.0,1.0,0.0
147000.0,17.794648577,9.478698521471503E-6,147000.0,0.8459200374093991,0.06518599979365335,0.987,0.0,0.7832661290322581,0.013171225937183385,0.0,0.0,-0.3098012337217327,147000.0,3504256.0,15.0,0.999999998604308,1.3956918765730785E-9,157622.7333333333,80.5975579605645,225289.6,2440.84172210755,158.60000000000005,1.9634760235964424,79.80000000000003,0.9817380117982212,79.80000000000003,0.9817380117982212,11.066666666666666,0.248167889919912,0.0,0.0,0.0,0.0,1.0,0.0
148000.0,17.978091921,9.646472796072645E-6,148000.0,0.711945564516129,0.039461363313169684,0.992,0.0,0.8459200374093991,0.008064516129032258,0.0,0.0,0.19291070211315642,148000.0,3535296.0,15.0,0.9998666074232362,1.3339257676364514E-4,158699.53333333333,80.96353480582782,227340.8,2617.503199979851,160.2,2.1093894399858475,80.6,1.0546947199929237,80.6,1.0546947199929237,11.133333333333333,0.23637473611411153,0.0,0.0,0.0,0.0,1.0,0.0
149000.0,18.161150414,9.815379082588142E-6,149000.0,0.8412859560067681,0.15515203250369092,0.985,0.0,0.711945564516129,0.015228426395939087,0.0,0.0,-0.5080971659918966,149000.0,3566632.0,15.0,0.9999886242653616,1.1375734638325938E-5,159802.53333333333,85.60645651366212,229413.33333333337,2596.391772233272,161.39999999999998,1.9242809417694555,81.19999999999999,0.9621404708847278,81.19999999999999,0.9621404708847278,11.133333333333333,0.23637473611411153,0.0,0.0,0.0,0.0,1.0,0.0
150000.0,18.343226129,9.984385068844667E-6,150000.0,0.7715473790322581,0.08299327993736236,0.992,0.0,0.8412859560067681,0.008064516129032258,0.0,0.0,0.19463087248322208,150000.0,3588000.0,15.0,0.9864914828232699,0.013508517176729932,160837.93333333332,84.1420265677073,230826.1333333333,2461.327860490226,162.19999999999996,1.8495816772860776,81.59999999999998,0.9247908386430388,81.59999999999998,0.9247908386430388,11.133333333333333,0.23637473611411153,0.0,0.0,0.0,0.0,1.0,0.0
151000.0,18.526781068,1.0155737746409646E-5,151000.0,0.8782976376505194,0.10661430946161632,0.989,0.0,0.7715473790322581,0.011122345803842264,0.0,0.0,-0.10659560293137858,151000.0,3608504.0,15.0,0.999483352055782,5.166479442179987E-4,161934.6,80.86089171857937,232180.80000000005,2524.152563497207,163.39999999999998,2.058200786169919,82.19999999999999,1.0291003930849596,82.19999999999999,1.0291003930849596,11.2,0.24299715851758238,0.0,0.0,0.0,0.0,1.0,0.0
152000.0,18.709461473,1.032711033177328E-5,152000.0,0.8898979706245095,0.1787746508194183,0.991,0.0,0.8782976376505194,0.009081735620585268,0.0,0.0,0.09403973509934001,152000.0,3626200.0,15.0,0.9999999946964229,5.3035771131573754E-9,162988.8,81.85237582728732,233350.4,2574.385675771803,164.0666666666667,2.09185874663492,82.53333333333335,1.04592937331746,82.53333333333335,1.04592937331746,11.2,0.24299715851758238,0.0,0.0,0.0,0.0,1.0,0.0
153000.0,18.898465778,1.0505919398183145E-5,153000.0,0.7846353042727665,0.10187183115801841,0.993,0.0,0.8898979706245095,0.007049345417925478,0.0,0.0,0.29400131839156357,153000.0,3656960.0,15.0,0.9992144826340954,7.855173659044772E-4,164048.33333333334,82.73167566736524,235382.4,2942.8635694798077,165.8,2.189150737701941,83.4,1.0945753688509705,83.4,1.0945753688509705,11.2,0.24299715851758238,0.0,0.0,0.0,0.0,1.0,0.0
154000.0,19.085549278,1.068430592640814E-5,154000.0,0.8968844221105527,0.13197167141478697,0.995,0.0,0.7846353042727665,0.005025125628140704,0.0,0.0,0.4940867279894899,154000.0,3685776.0,15.0,0.9999999999999994,2.2781052212056353E-16,165103.2,85.67625664313849,237286.93333333335,2879.5172999367305,167.00000000000003,2.1469801604867733,84.00000000000001,1.0734900802433867,84.00000000000001,1.0734900802433867,11.2,0.24299715851758238,0.0,0.0,0.0,0.0,1.0,0.0
155000.0,19.274448144,1.0865678757673226E-5,155000.0,0.8705050505050506,0.08748370464069771,0.99,0.0,0.8968844221105527,0.010101010101010102,0.0,0.0,-0.011749347258489818,155000.0,3711464.0,15.0,0.9864902958197426,0.013509704180257372,166163.19999999998,84.78230947550334,238983.99999999997,2906.542452566526,168.46666666666667,2.2122315100296923,84.73333333333333,1.1061157550148462,84.73333333333333,1.1061157550148462,11.2,0.24299715851758238,0.0,0.0,0.0,0.0,1.0,0.0
156000.0,19.462854811,1.1047504687861262E-5,156000.0,0.8428579977260487,0.10373145789644518,0.984,0.10942892129577649,0.8705050505050506,0.017293997965412006,0.24253562503633297,0.058823529411764705,-0.6113621691413859,156000.0,3730456.0,15.0,0.9612309730462593,0.03876902695374074,167281.59999999995,84.31199428878794,240240.0,2896.1522717136936,169.13333333333333,2.1775186110771365,85.06666666666666,1.0887593055385683,85.06666666666666,1.0887593055385683,11.266666666666666,0.2481678899199121,0.0,0.0,0.0,0.0,1.0,0.0
157000.0,19.653060349,1.1232006694748222E-5,157000.0,0.7028709349593496,0.08096105768409298,0.984,0.0,0.8428579977260487,0.016260162601626018,0.0,0.0,-0.6051118210862557,157000.0,3749560.0,15.0,0.9941602345111265,0.00583976548887355,168412.2,81.04509033042295,241502.93333333332,2866.065428865796,170.20000000000002,2.2150996967781538,85.60000000000001,1.1075498483890769,85.60000000000001,1.1075498483890769,11.266666666666666,0.2481678899199121,0.0,0.0,0.0,0.0,1.0,0.0
158000.0,19.847102559,1.1421511401495742E-5,158000.0,0.8975482723577236,0.16254326488307114,0.985,0.11598302687411431,0.7028709349593496,0.016260162601626018,0.25,0.0625,-0.4990512333965824,158000.0,3775080.0,15.0,0.9999542862852756,4.571371472429504E-5,169519.0,79.12479594497088,243189.86666666667,2842.9873990419146,171.66666666666669,2.08090334474207,86.33333333333334,1.040451672371035,86.33333333333334,1.040451672371035,11.333333333333332,0.21081851067789198,0.0,0.0,0.0,0.0,1.0,0.0
159000.0,20.040320325,1.1611093488426564E-5,159000.0,0.8728070175438597,0.11046327087985686,0.988,0.0,0.8975482723577236,0.012145748987854251,0.0,0.0,-0.19774011299434802,159000.0,3792736.0,15.0,0.971754931052208,0.028245068947792006,170619.0,80.36357857826414,244355.2,2892.3942614743105,173.0,2.1380899352993956,87.0,1.0690449676496978,87.0,1.0690449676496978,11.4,0.2138089935299395,0.0,0.0,0.0,0.0,1.0,0.0
160000.0,20.237380466,1.1806605961872878E-5,160000.0,0.8347274565676992,0.11307976544670184,0.989,0.0,0.8728070175438597,0.011122345803842264,0.0,0.0,-0.09725685785536797,160000.0,3835112.0,15.0,0.9999999933653478,6.634652118613485E-9,171709.13333333333,82.04202562256715,247157.86666666664,2591.4370307696927,174.06666666666666,2.064361233308575,87.53333333333333,1.0321806166542875,87.53333333333333,1.0321806166542875,11.4,0.2138089935299395,0.0,0.0,0.0,0.0,1.0,0.0
161000.0,20.4300485,1.199888289665327E-5,161000.0,0.8663636363636363,0.13021233287573378,0.99,0.0,0.8347274565676992,0.010101010101010102,0.0,0.0,0.0024783147459741107,161000.0,3857624.0,15.0,0.9999999889117841,1.1088215900785291E-8,172769.80000000002,84.76349169193881,248646.40000000002,2865.0620217669675,174.99999999999997,2.1558337244831853,87.99999999999999,1.0779168622415927,87.99999999999999,1.0779168622415927,11.4,0.2138089935299395,0.0,0.0,0.0,0.0,1.0,0.0
162000.0,20.623491754,1.2193077281369804E-5,162000.0,0.7748873977387628,0.11017708101943258,0.989,0.0,0.8663636363636363,0.011122345803842264,0.0,0.0,-0.09661538461538678,162000.0,3880480.0,15.0,0.9996618607380957,3.3813926190417055E-4,173851.6666666667,83.16579348716068,250156.80000000002,2996.8428136163243,176.46666666666667,2.3540576249504386,88.73333333333333,1.1770288124752193,88.73333333333333,1.1770288124752193,11.466666666666667,0.21528865819918694,0.0,0.0,0.0,0.0,1.0,0.0
163000.0,20.81584769,1.2387201653110224E-5,163000.0,0.9237651209677419,0.1143659418505727,0.992,0.0,0.7748873977387628,0.008064516129032258,0.0,0.0,0.20146968769136434,163000.0,3901008.0,15.0,0.9998544331270074,1.4556687299243127E-4,174902.59999999998,85.9518580646287,251514.13333333336,2971.432384857138,177.1333333333333,2.229385280780047,89.06666666666665,1.1146926403900235,89.06666666666665,1.1146926403900235,11.533333333333333,0.19189944456771316,0.0,0.0,0.0,0.0,1.0,0.0
164000.0,21.009830435,1.258393050979772E-5,164000.0,0.8965459423205903,0.08650981772947018,0.994,0.0,0.9237651209677419,0.006036217303822937,0.0,0.0,0.3996339231238577,164000.0,3920192.0,15.0,0.999999828384524,1.7161547599732118E-7,175950.80000000002,83.71398017171225,252780.26666666666,2944.040358591551,178.46666666666667,2.27170308813342,89.73333333333333,1.13585154406671,89.73333333333333,1.13585154406671,11.533333333333333,0.19189944456771316,0.0,0.0,0.0,0.0,1.0,0.0
165000.0,21.202739652,1.2780681343539424E-5,165000.0,0.8375773270033089,0.08178415664198183,0.993,0.0,0.8965459423205903,0.007049345417925478,0.0,0.0,0.29829890643985013,165000.0,3942448.0,15.0,0.9999999646644859,3.5335513951405287E-8,177013.06666666665,85.87019365723035,254252.79999999996,3068.49301806355,179.1333333333333,2.3132468763863283,90.06666666666665,1.1566234381931642,90.06666666666665,1.1566234381931642,11.533333333333333,0.19189944456771316,0.0,0.0,0.0,0.0,1.0,0.0
166000.0,21.395604661,1.2977778260353394E-5,166000.0,0.8844205439950121,0.11306969033421832,0.987,0.0,0.8375773270033089,0.013171225937183385,0.0,0.0,-0.30078360458106795,166000.0,3950288.0,15.0,0.9999973535201322,2.6464798678828056E-6,178101.06666666668,89.19729158105818,254770.6666666667,3058.341428301211,179.8,2.2994823434023255,90.4,1.1497411717011627,90.4,1.1497411717011627,11.533333333333333,0.19189944456771316,0.0,0.0,0.0,0.0,1.0,0.0
167000.0,21.594652026,1.3182701335826444E-5,167000.0,0.7531290461804057,0.07451360639606396,0.993,0.0,0.8844205439950121,0.007049345417925478,0.0,0.0,0.29831932773109054,167000.0,3979576.0,15.0,0.9999999847898345,1.5210165335725223E-8,179152.4,89.98427375830492,256708.2666666667,3183.337463173586,180.86666666666665,2.410031943409457,90.93333333333332,1.2050159717047284,90.93333333333332,1.2050159717047284,11.533333333333333,0.19189944456771316,0.0,0.0,0.0,0.0,1.0,0.0
168000.0,21.791901962,1.3386794905929956E-5,168000.0,0.7455555555555555,0.06579694750873158,0.99,0.0,0.7531290461804057,0.010101010101010102,0.0,0.0,-0.002386634844870063,168000.0,3999584.0,15.0,0.9999999952268815,4.773118275379438E-9,180224.26666666666,87.89400904155406,258033.59999999998,3064.424011442404,181.4,2.286190426597633,91.2,1.1430952132988166,91.2,1.1430952132988166,11.533333333333333,0.19189944456771316,0.0,0.0,0.0,0.0,1.0,0.0
169000.0,21.988663923,1.3590457684604953E-5,169000.0,0.8809283551967709,0.07869380340566373,0.991,0.0,0.7455555555555555,0.009081735620585268,0.0,0.0,0.09732937685459447,169000.0,4001040.0,15.0,0.9998689979479092,1.3100205209091512E-4,181283.7333333333,92.5279605960472,258128.00000000003,3045.0676558282635,182.33333333333334,2.298377619656892,91.66666666666667,1.149188809828446,91.66666666666667,1.149188809828446,11.533333333333333,0.19189944456771316,0.0,0.0,0.0,0.0,1.0,0.0
170000.0,22.193901201,1.3804826109704168E-5,170000.0,0.8307748873977387,0.13784852861022961,0.99,0.16513608281850292,0.8809283551967709,0.011122345803842264,0.30151134457776363,0.09090909090909091,-0.0023584905660427227,170000.0,4037448.0,15.0,0.9999999999999943,5.687514560504659E-15,182376.13333333333,94.39304184740777,260536.0,3221.9457002311656,183.6666666666667,2.473991697770008,92.33333333333336,1.236995848885004,92.33333333333336,1.236995848885004,11.533333333333333,0.19189944456771316,0.0,0.0,0.0,0.0,1.0,0.0
171000.0,22.394885197,1.4015189192840482E-5,171000.0,0.879470310391363,0.08002794790365197,0.988,0.0,0.8307748873977387,0.012145748987854251,0.0,0.0,-0.20140515222483005,171000.0,4045856.0,15.0,0.9847166436680443,0.015283356331955586,183462.73333333334,94.22179844169409,261089.06666666668,3322.910473360403,185.26666666666665,2.5061194944844343,93.13333333333333,1.2530597472422171,93.13333333333333,1.2530597472422171,11.533333333333333,0.19189944456771316,0.0,0.0,0.0,0.0,1.0,0.0
172000.0,22.595551371,1.4227027007544512E-5,172000.0,0.8074392712550608,0.08155451068762858,0.988,0.0,0.879470310391363,0.012145748987854251,0.0,0.0,-0.2,172000.0,4080672.0,15.0,0.9971327566785414,0.002867243321458595,184554.86666666664,93.46768561363157,263394.1333333333,3402.238050329681,185.8,2.5508168626278658,93.4,1.2754084313139329,93.4,1.2754084313139329,11.533333333333333,0.19189944456771316,0.0,0.0,0.0,0.0,1.0,0.0
173000.0,22.803980729,1.4449356799900142E-5,173000.0,0.7678391959798995,0.06546964490197964,0.995,0.0,0.8074392712550608,0.005025125628140704,0.0,0.0,0.4985507246376794,173000.0,4123264.0,15.0,0.9999998093162518,1.9068374811679722E-7,185597.26666666666,94.6372757863095,266208.0,3377.486199612284,187.66666666666666,2.5795286883398396,94.33333333333333,1.2897643441699198,94.33333333333333,1.2897643441699198,11.6,0.19023794624226834,0.0,0.0,0.0,0.0,1.0,0.0
174000.0,23.003442931,1.466256063238936E-5,174000.0,0.9789156626506024,0.170318317271706,0.996,0.0,0.7678391959798995,0.004016064257028112,0.0,0.0,0.5974551764025453,174000.0,4131776.0,15.0,0.9999999974633732,2.5366267437735426E-9,186621.2666666667,92.42069788107649,266769.0666666667,3419.0801206042424,188.46666666666667,2.5780514359394004,94.73333333333333,1.2890257179697002,94.73333333333333,1.2890257179697002,11.6,0.19023794624226834,0.0,0.0,0.0,0.0,1.0,0.0
175000.0,23.208880422,1.4883946073905499E-5,175000.0,0.8553475033738192,0.08602706103618861,0.988,0.0,0.9789156626506024,0.012145748987854251,0.0,0.0,-0.20620333141872726,175000.0,4165544.0,15.0,0.9501226571262164,0.04987734287378365,187717.6,92.97167003217336,269002.1333333333,3496.103079370986,189.79999999999998,2.6889544790635984,95.39999999999999,1.3444772395317992,95.39999999999999,1.3444772395317992,11.6,0.19023794624226834,0.0,0.0,0.0,0.0,1.0,0.0
176000.0,23.413990425,1.5106667677695623E-5,176000.0,0.8031937850668969,0.08977455748186114,0.993,0.0,0.8553475033738192,0.007049345417925478,0.0,0.0,0.2951945080091546,176000.0,4197376.0,15.0,0.9999999957041836,4.295816307576314E-9,188784.13333333336,94.05954885155549,271108.26666666666,3388.3023751425767,190.6,2.5686757751992055,95.8,1.2843378875996028,95.8,1.2843378875996028,11.6,0.19023794624226834,0.0,0.0,0.0,0.0,1.0,0.0
177000.0,23.615050536,1.5325158511035843E-5,177000.0,0.7925944669365722,0.06654455149417521,0.988,0.0,0.8031937850668969,0.012145748987854251,0.0,0.0,-0.20681818181817946,177000.0,4200584.0,15.0,0.9999492471213867,5.075287861319894E-5,189858.53333333333,94.72596399070494,271320.5333333333,3357.505601692545,191.26666666666668,2.6321576640190023,96.13333333333334,1.3160788320095012,96.13333333333334,1.3160788320095012,11.6,0.19023794624226834,0.0,0.0,0.0,0.0,1.0,0.0
178000.0,23.820673058,1.554980991505338E-5,178000.0,0.9021105527638191,0.05973724054842755,0.995,0.0,0.7925944669365722,0.005025125628140704,0.0,0.0,0.4957507082152943,178000.0,4223192.0,15.0,0.9999999999999986,1.3663350459483547E-15,190896.93333333332,90.68960494149549,272813.86666666664,3481.253104800416,192.33333333333334,2.542339879617213,96.66666666666667,1.2711699398086065,96.66666666666667,1.2711699398086065,11.6,0.19023794624226834,0.0,0.0,0.0,0.0,1.0,0.0
179000.0,24.029391624,1.577938253944562E-5,179000.0,0.8886646485031954,0.10821142470036474,0.991,0.0,0.9021105527638191,0.009081735620585268,0.0,0.0,0.09188275084554355,179000.0,4251688.0,15.0,0.9995825403198477,4.1745968015221316E-4,191967.13333333333,90.49403382947357,274695.4666666667,3393.8231817828046,193.9333333333333,2.6321576640190005,97.46666666666665,1.3160788320095003,97.46666666666665,1.3160788320095003,11.6,0.19023794624226834,0.0,0.0,0.0,0.0,1.0,0.0
180000.0,24.24704465,1.602023773113086E-5,180000.0,0.822929292929293,0.0756116565914079,0.99,0.0,0.8886646485031954,0.010101010101010102,0.0,0.0,-0.008968609865473615,180000.0,4277536.0,15.0,0.9998320986740701,1.6790132592992536E-4,193027.86666666667,93.32094475603385,276405.3333333333,3675.006854113033,194.86666666666667,2.9177072973511016,97.93333333333334,1.4588536486755508,97.93333333333334,1.4588536486755508,11.6,0.19023794624226834,0.0,0.0,0.0,0.0,1.0,0.0
181000.0,24.450251578,1.6245703619447725E-5,181000.0,0.8297872340425532,0.08043510566041696,0.987,0.0,0.822929292929293,0.013171225937183385,0.0,0.0,-0.3094045631608245,181000.0,4288888.0,15.0,0.9910688052957816,0.008931194704218529,194127.93333333332,97.41772922961425,277157.86666666676,3792.5025559418436,195.13333333333335,2.9307347797448937,98.06666666666668,1.4653673898724469,98.06666666666668,1.4653673898724469,11.6,0.19023794624226834,0.0,0.0,0.0,0.0,1.0,0.0
182000.0,24.658657755,1.647789148828627E-5,182000.0,0.7961189516129032,0.09252901751097406,0.992,0.0,0.8297872340425532,0.008064516129032258,0.0,0.0,0.19335180055401846,182000.0,4306568.0,15.0,0.9999999999999994,2.2961547141815196E-16,195188.13333333333,99.32715864477537,278325.86666666664,3649.6580581730245,196.20000000000002,2.900246294959891,98.60000000000001,1.4501231474799454,98.60000000000001,1.4501231474799454,11.6,0.19023794624226834,0.0,0.0,0.0,0.0,1.0,0.0
183000.0,24.865574063,1.6709344463841174E-5,183000.0,0.8688427800269906,0.10430240577467131,0.989,0.1522811344019713,0.7961189516129032,0.012145748987854251,0.28867513459481287,0.08333333333333333,-0.10787011557512356,183000.0,4323848.0,15.0,0.959779859673891,0.04022014032610882,196281.6,102.71179280371057,279468.80000000005,3799.4659714980253,197.13333333333335,2.7565794308762746,99.06666666666668,1.3782897154381373,99.06666666666668,1.3782897154381373,11.6,0.19023794624226834,0.0,0.0,0.0,0.0,1.0,0.0
184000.0,25.074326147,1.6943762067207997E-5,184000.0,0.7653112449799196,0.1424368275116617,0.996,0.0,0.8688427800269906,0.004016064257028112,0.0,0.0,0.5958264689730906,184000.0,4340720.0,15.0,0.9999998748461044,1.251538955134626E-7,197314.93333333335,101.69648899060286,280583.4666666666,3750.345982600318,198.06666666666666,2.880916961608324,99.53333333333333,1.440458480804162,99.53333333333333,1.440458480804162,11.6,0.19023794624226834,0.0,0.0,0.0,0.0,1.0,0.0
185000.0,25.286155118,1.7183207402323544E-5,185000.0,0.9164646464646464,0.12429285957990924,0.99,0.0,0.7653112449799196,0.010101010101010102,0.0,0.0,-0.010376843255055621,185000.0,4369416.0,15.0,0.9999999999998016,1.9817868670754115E-13,198361.33333333337,95.16520305770945,282479.46666666673,3948.9209880875997,199.39999999999998,3.1118819906624857,100.19999999999999,1.5559409953312429,100.19999999999999,1.5559409953312429,11.6,0.19023794624226834,0.0,0.0,0.0,0.0,1.0,0.0
186000.0,25.503181149,1.7430946510264413E-5,186000.0,0.7907852796290931,0.09205248009360757,0.986,0.0,0.9164646464646464,0.014198782961460446,0.0,0.0,-0.41138211382114354,186000.0,4412504.0,15.0,0.9999988515825601,1.1484174400573247E-6,199446.53333333335,94.9818462186901,285328.5333333333,4057.6085824354664,201.26666666666668,3.2359096265364258,101.13333333333334,1.6179548132682129,101.13333333333334,1.6179548132682129,11.6,0.19023794624226834,0.0,0.0,0.0,0.0,1.0,0.0
187000.0,25.716752787,1.7675949051421383E-5,187000.0,0.9205067832716672,0.10781921598093919,0.991,0.0,0.7907852796290931,0.009081735620585268,0.0,0.0,0.09223300970873889,187000.0,4434344.0,15.0,0.9965641647057667,0.003435835294233273,200508.46666666667,93.74077055098273,286771.7333333334,4272.180903369045,202.33333333333331,3.2815017855021744,101.66666666666666,1.6407508927510872,101.66666666666666,1.6407508927510872,11.6,0.19023794624226834,0.0,0.0,0.0,0.0,1.0,0.0
188000.0,25.928743503,1.7919712316499302E-5,188000.0,0.7917505030181087,0.07690447831392498,0.994,0.0,0.9205067832716672,0.006036217303822937,0.0,0.0,0.3935483870967713,188000.0,4444816.0,15.0,0.9999044995049203,9.550049507968277E-5,201567.19999999998,95.4508200468654,287462.93333333335,4307.483728478973,203.2666666666667,3.4135119000910934,102.13333333333335,1.7067559500455467,102.13333333333335,1.7067559500455467,11.6,0.19023794624226834,0.0,0.0,0.0,0.0,1.0,0.0
189000.0,26.1427601,1.8167450137623902E-5,189000.0,0.8481801886057205,0.07838830646375182,0.987,0.0,0.7917505030181087,0.013171225937183385,0.0,0.0,-0.31179925253604507,189000.0,4474528.0,15.0,0.9999997091178917,2.908821082576763E-7,202665.06666666668,94.4853461385439,289428.80000000005,4282.3652245214325,204.06666666666666,3.2942470296053226,102.53333333333333,1.6471235148026613,102.53333333333333,1.6471235148026613,11.6,0.19023794624226834,0.0,0.0,0.0,0.0,1.0,0.0
190000.0,26.356564616,1.8416204888468416E-5,190000.0,0.7593245967741935,0.08563190383957549,0.992,0.0,0.8481801886057205,0.008064516129032258,0.0,0.0,0.19191919191919282,190000.0,4497352.0,15.0,0.9996956208728456,3.043791271543445E-4,203728.53333333333,94.92061177469655,290938.6666666666,4213.591119298941,204.86666666666665,3.2039657965397845,102.93333333333332,1.6019828982698923,102.93333333333332,1.6019828982698923,11.6,0.19023794624226834,0.0,0.0,0.0,0.0,1.0,0.0
191000.0,26.574446039,1.867078116125259E-5,191000.0,0.7324561403508771,0.06769802338657067,0.988,0.0,0.7593245967741935,0.012145748987854251,0.0,0.0,-0.2107765451663994,191000.0,4516480.0,15.0,0.9950437743659876,0.004956225634012431,204812.19999999998,95.48199531100893,292203.73333333334,4308.718098467746,205.8,3.3625387234449318,103.4,1.6812693617224659,103.4,1.6812693617224659,11.666666666666668,0.15936381457791918,0.0,0.0,0.0,0.0,1.0,0.0
192000.0,26.793431407,1.8927736826649635E-5,192000.0,0.9476398699405763,0.10001415991427703,0.991,0.0,0.7324561403508771,0.009081735620585268,0.0,0.0,0.09148264984227097,192000.0,4535712.0,15.0,0.9999999882670045,1.1732995389217398E-8,205874.8,97.85534513468674,293474.1333333333,4502.182393405674,206.86666666666667,3.4666666666666677,103.93333333333334,1.7333333333333338,103.93333333333334,1.7333333333333338,11.666666666666668,0.15936381457791918,0.0,0.0,0.0,0.0,1.0,0.0
193000.0,27.01749752,1.919217429932369E-5,193000.0,0.8796764408493428,0.07556938221800327,0.989,0.0,0.9476398699405763,0.011122345803842264,0.0,0.0,-0.10977522216413693,193000.0,4561936.0,15.0,0.9609840583487489,0.039015941651251086,206960.99999999997,99.03736668551267,295205.86666666664,4530.493102423961,208.33333333333331,3.5652645218989147,104.66666666666666,1.7826322609494574,104.66666666666666,1.7826322609494574,11.733333333333333,0.18170270503179917,0.0,0.0,0.0,0.0,1.0,0.0
194000.0,27.23513518,1.944970340413448E-5,194000.0,0.8480885311871227,0.08424363765491004,0.994,0.0,0.8796764408493428,0.006036217303822937,0.0,0.0,0.3934340802501279,194000.0,4573984.0,15.0,0.9999999999999976,2.3138226108398786E-15,208010.4,97.88398380590446,296003.73333333334,4778.048463413714,208.6,3.5089002482802143,104.8,1.7544501241401071,104.8,1.7544501241401071,11.733333333333333,0.18170270503179917,0.0,0.0,0.0,0.0,1.0,0.0
195000.0,27.461365832,1.971912073276028E-5,195000.0,0.8762193070972082,0.12199195226747377,0.991,0.0,0.8480885311871227,0.009081735620585268,0.0,0.0,0.08973029045643584,195000.0,4603376.0,15.0,0.9999999999999967,3.20441639410563E-15,209075.86666666667,95.6738440977717,297945.0666666667,4638.864351445421,210.20000000000002,3.473984949387581,105.60000000000001,1.7369924746937906,105.60000000000001,1.7369924746937906,11.733333333333333,0.18170270503179917,0.0,0.0,0.0,0.0,1.0,0.0
196000.0,27.684028969,1.9985666925308845E-5,196000.0,0.7673681828467979,0.09510739984311659,0.982,0.0,0.8762193070972082,0.018329938900203666,0.0,0.0,-0.812949640287777,196000.0,4627288.0,15.0,0.99999999863728,1.3627200210612637E-9,210197.7333333333,93.52761072674835,299530.6666666667,4659.459534023914,210.73333333333332,3.435759660460033,105.86666666666666,1.7178798302300164,105.86666666666666,1.7178798302300164,11.733333333333333,0.18170270503179917,0.0,0.0,0.0,0.0,1.0,0.0
197000.0,27.899773784,2.0244558209586767E-5,197000.0,0.9027498323272971,0.06261186281901093,0.994,0.0,0.7673681828467979,0.006036217303822937,0.0,0.0,0.394467213114756,197000.0,4638520.0,15.0,0.9999957483975658,4.251602434242194E-6,211226.06666666668,92.58938881229827,300273.06666666665,4523.853114817548,211.26666666666668,3.3911181842693923,106.13333333333334,1.6955590921346961,106.13333333333334,1.6955590921346961,11.733333333333333,0.18170270503179917,0.0,0.0,0.0,0.0,1.0,0.0
198000.0,28.122193559,2.051245872612068E-5,198000.0,0.8848525619464066,0.10468096405208793,0.991,0.0,0.9027498323272971,0.009081735620585268,0.0,0.0,0.09127995920448262,198000.0,4655888.0,15.0,0.99999973756715,2.624328499790417E-7,212285.2,94.06113513485077,301419.7333333334,4536.121665734863,212.4666666666667,3.337901631502539,106.73333333333335,1.6689508157512696,106.73333333333335,1.6689508157512696,11.733333333333333,0.18170270503179917,0.0,0.0,0.0,0.0,1.0,0.0
199000.0,28.344594929,2.0781102985329493E-5,199000.0,0.9175658178679327,0.12642518426615584,0.993,0.0,0.8848525619464066,0.007049345417925478,0.0,0.0,0.2921747967479668,199000.0,4669200.0,15.0,0.9995361595092951,4.638404907047119E-4,213333.13333333333,96.02722166962349,302298.13333333336,4404.125890102715,213.4,3.2903900478008175,107.2,1.6451950239004087,107.2,1.6451950239004087,11.733333333333333,0.18170270503179917,0.0,0.0,0.0,0.0,1.0,0.0
200000.0,28.571973339,2.1057238652489523E-5,200000.0,0.8833165322580645,0.10226759918134098,0.992,0.0,0.9175658178679327,0.008064516129032258,0.0,0.0,0.19028340080971587,200000.0,4694352.0,15.0,0.9997633333395503,2.366666604497879E-4,214392.53333333333,94.04911921648653,303959.4666666667,4352.574854657507,214.86666666666665,3.2039657965397845,107.93333333333332,1.6019828982698923,107.93333333333332,1.6019828982698923,11.733333333333333,0.18170270503179917,0.0,0.0,0.0,0.0,1.0,0.0
