learning evaluation instances,evaluation time (cpu seconds),model cost (RAM-Hours),classified instances,AUC,sAUC,Accuracy,Kappa,Periodical holdout AUC,Pos/Neg ratio,G-Mean,Recall,KappaM,model training instances,model serialized size (bytes),ensemble size,[avg] model training instances,[err] model training instances,[avg] model serialized size (bytes),[err] model serialized size (bytes),[avg] tree size (nodes),[err] tree size (nodes),[avg] tree size (leaves),[err] tree size (leaves),[avg] active learning leaves,[err] active learning leaves,[avg] tree depth,[err] tree depth,[avg] active leaf byte size estimate,[err] active leaf byte size estimate,[avg] inactive leaf byte size estimate,[err] inactive leaf byte size estimate,[avg] byte size estimate overhead,[err] byte size estimate overhead
1000.0,0.148284296,5.3960473516086746E-9,1000.0,0.7174741134181019,0.08205470776126057,0.981,0.0,0.0,0.019367991845056064,0.0,0.0,0.0,1000.0,140664.0,15.0,998.6666666666667,8.83481568873784,2944.0,0.0,1.0,0.0,1.0,0.0,1.0,0.0,0.0,0.0,0.0,0.0,0.0,0.0,1.0,0.0
2000.0,0.228858693,8.328139779921622E-9,2000.0,0.9850381240109337,0.11864756674846705,0.993,0.0,0.7174741134181019,0.007049345417925478,0.0,0.0,0.46153846153846156,2000.0,140664.0,15.0,1990.5333333333333,12.091660513273357,2944.0,0.0,1.0,0.0,1.0,0.0,1.0,0.0,0.0,0.0,0.0,0.0,0.0,0.0,1.0,0.0
3000.0,0.284714074,1.0360710246575377E-8,3000.0,0.9676564570181592,0.0994979046707912,0.987,0.0,0.9850381240109337,0.013171225937183385,0.0,0.0,0.0,3000.0,140664.0,15.0,2989.4,15.877147398818499,2944.0,0.0,1.0,0.0,1.0,0.0,1.0,0.0,0.0,0.0,0.0,0.0,0.0,0.0,1.0,0.0
4000.0,0.384329078,1.500990969924877E-8,4000.0,0.7304661301140174,0.021659686404885706,0.994,0.0,0.9676564570181592,0.006036217303822937,0.0,0.0,0.46666666666666534,4000.0,180408.0,15.0,3983.5333333333333,15.59727285889813,5569.600000000001,32.95896438502484,3.0,0.0,2.0,0.0,2.0,0.0,1.0,0.0,0.0,0.0,0.0,0.0,1.0,0.0
5000.0,0.448854424,1.812878369907538E-8,5000.0,0.9594124901894832,0.049941582747943025,0.991,0.0,0.7304661301140174,0.009081735620585268,0.0,0.0,0.16666666666666838,5000.0,186840.0,15.0,4983.866666666667,16.370666759748385,5994.666666666668,235.6270391684741,3.4000000000000004,0.21380899352993948,2.2,0.10690449676496974,2.2,0.10690449676496974,1.2000000000000002,0.10690449676496974,0.0,0.0,0.0,0.0,1.0,0.0
6000.0,0.514481161,2.1687442044237007E-8,6000.0,0.8902343312030496,0.05103628282849201,0.991,0.0,0.9594124901894832,0.009081735620585268,0.0,0.0,0.14285714285713833,6000.0,209608.0,15.0,5980.666666666666,20.516350428880724,7500.266666666666,321.35889248280927,4.333333333333333,0.2519763153394848,2.6666666666666665,0.1259881576697424,2.6666666666666665,0.1259881576697424,1.6666666666666665,0.1259881576697424,0.0,0.0,0.0,0.0,1.0,0.0
7000.0,0.57304064,2.5073146479943144E-8,7000.0,0.9849548645937813,0.0479803699688753,0.997,0.0,0.8902343312030496,0.003009027081243731,0.0,0.0,0.6818181818181823,7000.0,223488.0,15.0,6977.400000000001,20.572473518433963,8417.599999999997,35.684970826065495,5.0,0.0,3.0,0.0,3.0,0.0,2.0,0.0,0.0,0.0,0.0,0.0,1.0,0.0
8000.0,0.637978248,2.9205531474701645E-8,8000.0,0.8775879396984925,0.024357761321103743,0.995,0.0,0.9849548645937813,0.005025125628140704,0.0,0.0,0.4366197183098565,8000.0,245984.0,15.0,7989.533333333332,23.421168013382918,9904.533333333335,320.7975458086071,6.066666666666667,0.26666666666666655,3.5333333333333337,0.13333333333333328,3.5333333333333337,0.13333333333333328,2.0,0.0,0.0,0.0,0.0,0.0,1.0,0.0
9000.0,0.691651241,3.265273711377134E-8,9000.0,0.9778672032193159,0.03278419085178632,0.994,0.0,0.8775879396984925,0.006036217303822937,0.0,0.0,0.2987012987012967,9000.0,248264.0,15.0,8997.666666666668,24.060175882400852,10056.533333333335,359.478535906913,6.066666666666667,0.26666666666666655,3.5333333333333337,0.13333333333333328,3.5333333333333337,0.13333333333333328,2.0,0.0,0.0,0.0,0.0,0.0,1.0,0.0
10000.0,0.755934281,3.700821855360021E-8,10000.0,0.9317171717171717,0.03010441219775317,0.99,0.0,0.9778672032193159,0.010101010101010102,0.0,0.0,-0.14942528735631744,10000.0,261904.0,15.0,10008.4,25.97284296007217,10957.866666666667,263.13331523640556,6.7333333333333325,0.18170270503179917,3.8666666666666663,0.09085135251589958,3.8666666666666663,0.09085135251589958,2.0,0.0,0.0,0.0,0.0,0.0,1.0,0.0
11000.0,0.816641015,4.1198781893414754E-8,11000.0,0.926060606060606,0.040018708042421136,0.99,0.0,0.9317171717171717,0.010101010101010102,0.0,0.0,-0.13402061855669972,11000.0,266832.0,15.0,11014.466666666669,24.648745098293183,11284.800000000001,327.4772140382987,6.866666666666667,0.2363747361141115,3.9333333333333336,0.11818736805705575,3.9333333333333336,0.11818736805705575,2.0666666666666664,0.06666666666666665,0.0,0.0,0.0,0.0,1.0,0.0
12000.0,0.881782475,4.586588158757736E-8,12000.0,0.8277945619335347,0.05615306616657675,0.993,0.0,0.926060606060606,0.007049345417925478,0.0,0.0,0.19230769230769576,12000.0,276944.0,15.0,12011.333333333334,19.574440736805958,11952.533333333333,277.1682292427964,7.4,0.21380899352993948,4.199999999999999,0.10690449676496977,4.199999999999999,0.10690449676496977,2.2,0.10690449676496974,0.0,0.0,0.0,0.0,1.0,0.0
13000.0,0.947765975,5.07347857348745E-8,13000.0,0.9626262626262626,0.05070322817550698,0.99,0.0,0.8277945619335347,0.010101010101010102,0.0,0.0,-0.14035087719298578,13000.0,285232.0,15.0,13006.666666666666,18.024234127224805,12500.266666666668,348.6829569170888,7.8,0.2618614682831908,4.3999999999999995,0.13093073414159542,4.3999999999999995,0.13093073414159542,2.4,0.1309307341415954,0.0,0.0,0.0,0.0,1.0,0.0
14000.0,1.017720447,5.6238962410518686E-8,14000.0,0.9890122211010203,0.06714934858072848,0.991,0.0,0.9626262626262626,0.009081735620585268,0.0,0.0,-0.024390243902439948,14000.0,304144.0,15.0,13999.133333333333,20.74743051599094,13748.8,217.30371986385012,9.0,0.1951800145897066,5.0,0.0975900072948533,5.0,0.0975900072948533,2.933333333333333,0.06666666666666668,0.0,0.0,0.0,0.0,1.0,0.0
15000.0,1.090679759,6.259699349131434E-8,15000.0,0.9694835680751174,0.0866333977584398,0.994,0.0,0.9890122211010203,0.006036217303822937,0.0,0.0,0.3023255813953524,15000.0,336856.0,15.0,14986.666666666666,23.599569541406524,15909.866666666667,276.1205717774939,10.466666666666667,0.23637473611411147,5.733333333333333,0.11818736805705574,5.733333333333333,0.11818736805705574,3.0,0.0,0.0,0.0,0.0,0.0,1.0,0.0
16000.0,1.165264166,6.925625186022991E-8,16000.0,0.9894366197183099,0.05834839779893546,0.994,0.0,0.9694835680751174,0.006036217303822937,0.0,0.0,0.28888888888888714,16000.0,345128.0,15.0,15983.066666666668,18.348859226683135,16456.533333333333,181.4069318428459,10.866666666666667,0.1333333333333333,5.933333333333334,0.06666666666666665,5.933333333333334,0.06666666666666665,3.0,0.0,0.0,0.0,0.0,0.0,1.0,0.0
17000.0,1.220494595,7.433871880001698E-8,17000.0,0.9652217741935484,0.029279922132976154,0.992,0.0,0.9894366197183099,0.008064516129032258,0.0,0.0,0.04895104895104674,17000.0,355712.0,15.0,16985.866666666665,18.976643957059927,17157.333333333336,357.2540068310295,11.266666666666666,0.26666666666666666,6.133333333333333,0.13333333333333333,6.133333333333333,0.13333333333333333,3.0,0.0,0.0,0.0,0.0,0.0,1.0,0.0
18000.0,1.285910388,8.081268930732374E-8,18000.0,0.8840404040404041,0.09008988973181334,0.99,0.0,0.9652217741935484,0.010101010101010102,0.0,0.0,-0.1764705882353018,18000.0,382552.0,15.0,17975.0,23.70613744119764,18930.666666666668,322.98197895572855,12.866666666666665,0.23637473611411175,6.933333333333333,0.11818736805705587,6.933333333333333,0.11818736805705587,3.2000000000000006,0.10690449676496974,0.0,0.0,0.0,0.0,1.0,0.0
19000.0,1.355136651,8.828040728756328E-8,19000.0,0.9630003363605786,0.05891888329422405,0.991,0.0,0.8840404040404041,0.009081735620585268,0.0,0.0,-0.05555555555555266,19000.0,416984.0,15.0,18973.933333333334,23.394436999844242,21206.93333333333,517.1236884985537,14.2,0.3804758924845368,7.6,0.1902379462422684,7.6,0.1902379462422684,3.666666666666666,0.12598815766974242,0.0,0.0,0.0,0.0,1.0,0.0
20000.0,1.414099013,9.475659994757628E-8,20000.0,0.9456815114709851,0.07012126801542481,0.988,0.0,0.9630003363605786,0.012145748987854251,0.0,0.0,-0.3793103448275809,20000.0,424568.0,15.0,19965.133333333335,23.0181846677106,21709.333333333332,475.81391587434945,14.466666666666669,0.36340541006359817,7.733333333333334,0.18170270503179908,7.733333333333334,0.18170270503179908,3.733333333333333,0.11818736805705576,0.0,0.0,0.0,0.0,1.0,0.0
21000.0,1.476009262,1.018018173052867E-7,21000.0,0.9551945854483925,0.09155899452033307,0.985,0.0,0.9456815114709851,0.015228426395939087,0.0,0.0,-0.6666666666666666,21000.0,439880.0,15.0,20965.4,23.9522938557539,22722.13333333334,419.1663139258191,15.133333333333333,0.30654241789392545,8.066666666666666,0.1532712089469627,8.066666666666666,0.1532712089469627,3.8666666666666663,0.09085135251589958,0.0,0.0,0.0,0.0,1.0,0.0
22000.0,1.539010887,1.0914529895193045E-7,22000.0,0.986657697051239,0.08985579638790249,0.991,0.0,0.9551945854483925,0.009081735620585268,0.0,0.0,0.0,22000.0,450560.0,15.0,21961.266666666663,23.39789707006977,23427.73333333333,554.3012715866163,15.666666666666664,0.42163702135578407,8.333333333333334,0.21081851067789195,8.333333333333334,0.21081851067789195,3.8666666666666663,0.09085135251589958,0.0,0.0,0.0,0.0,1.0,0.0
23000.0,1.597444209,1.1601785368780707E-7,23000.0,0.9517883170759054,0.11501770966196558,0.991,0.0,0.986657697051239,0.009081735620585268,0.0,0.0,0.0,23000.0,454632.0,15.0,22979.600000000002,26.0360190066433,23697.6,585.5115207682773,15.799999999999997,0.42761798705987925,8.4,0.21380899352993948,8.4,0.21380899352993948,3.8666666666666663,0.09085135251589958,0.0,0.0,0.0,0.0,1.0,0.0
24000.0,1.659020613,1.234254933504553E-7,24000.0,0.9616029510395707,0.05675504446999533,0.994,0.0,0.9517883170759054,0.006036217303822937,0.0,0.0,0.32394366197182783,24000.0,465016.0,15.0,23965.666666666668,24.246289194071373,24383.46666666667,621.0776338764637,16.333333333333332,0.46462136829144635,8.666666666666666,0.23231068414572323,8.666666666666666,0.23231068414572323,4.0,0.09759000729485333,0.0,0.0,0.0,0.0,1.0,0.0
25000.0,1.719953906,1.3090419576662693E-7,25000.0,0.9181910102031436,0.07509803903071785,0.989,0.0,0.9616029510395707,0.011122345803842264,0.0,0.0,-0.2276785714285769,25000.0,474432.0,15.0,24959.933333333338,27.878728307860413,25006.399999999998,678.0166931503059,16.733333333333334,0.5114560602703829,8.866666666666667,0.25572803013519146,8.866666666666667,0.25572803013519146,4.0,0.09759000729485333,0.0,0.0,0.0,0.0,1.0,0.0
26000.0,1.778323763,1.3814449899843374E-7,26000.0,0.9930767276422764,0.1347056519255223,0.984,0.0,0.9181910102031436,0.016260162601626018,0.0,0.0,-0.7333333333333285,26000.0,479480.0,15.0,25947.13333333333,26.447768231826963,25339.73333333333,628.6337677600959,17.0,0.4780914437337574,9.0,0.2390457218668787,9.0,0.2390457218668787,4.066666666666666,0.06666666666666667,0.0,0.0,0.0,0.0,1.0,0.0
27000.0,1.835906093,1.453351425547256E-7,27000.0,0.9895093062605753,0.14146461049100958,0.985,0.0,0.9930767276422764,0.015228426395939087,0.0,0.0,-0.5882352941176429,27000.0,482704.0,15.0,26955.533333333333,26.31636584164136,25553.066666666666,655.1320002700048,17.133333333333333,0.4963357798398241,9.066666666666666,0.24816788991991204,9.066666666666666,0.24816788991991204,4.066666666666666,0.06666666666666667,0.0,0.0,0.0,0.0,1.0,0.0
28000.0,1.894683185,1.5271987021000224E-7,28000.0,0.9610257896261953,0.12211917763295509,0.986,0.0,0.9895093062605753,0.014198782961460446,0.0,0.0,-0.45724907063197806,28000.0,485656.0,15.0,27953.86666666666,22.891226571947545,25748.266666666666,637.6489515374626,17.26666666666667,0.472749472228223,9.133333333333335,0.2363747361141115,9.133333333333335,0.2363747361141115,4.066666666666666,0.06666666666666667,0.0,0.0,0.0,0.0,1.0,0.0
29000.0,1.952162491,1.5997699454153366E-7,29000.0,0.9850043465662127,0.12330165161015082,0.986,0.0,0.9610257896261953,0.014198782961460446,0.0,0.0,-0.4346289752650205,29000.0,488040.0,15.0,28955.799999999996,23.814801319867314,25905.600000000002,652.8548062894521,17.4,0.4859943170351648,9.2,0.2429971585175824,9.2,0.2429971585175824,4.066666666666666,0.06666666666666667,0.0,0.0,0.0,0.0,1.0,0.0
30000.0,2.009450745,1.6720999735500452E-7,30000.0,0.983366935483871,0.12439060943434312,0.992,0.0,0.9850043465662127,0.008064516129032258,0.0,0.0,0.1752577319587657,30000.0,488040.0,15.0,29946.13333333333,27.832982604006123,25905.600000000002,652.8548062894521,17.4,0.4859943170351648,9.2,0.2429971585175824,9.2,0.2429971585175824,4.066666666666666,0.06666666666666667,0.0,0.0,0.0,0.0,1.0,0.0
31000.0,2.067070738,1.7452042100501552E-7,31000.0,0.9848790322580645,0.133808705434401,0.992,0.0,0.983366935483871,0.008064516129032258,0.0,0.0,0.17056856187290692,31000.0,490424.0,15.0,30952.866666666665,28.440224141281664,26062.933333333334,698.940200907377,17.533333333333335,0.5333333333333333,9.266666666666667,0.26666666666666666,9.266666666666667,0.26666666666666666,4.066666666666666,0.06666666666666667,0.0,0.0,0.0,0.0,1.0,0.0
32000.0,2.124683533,1.8190373836461448E-7,32000.0,0.9043100539811066,0.10399803550195352,0.988,0.0,0.9848790322580645,0.012145748987854251,0.0,0.0,-0.2347266881028952,32000.0,495376.0,15.0,31953.333333333332,30.501938528038487,26391.466666666664,668.9770859957025,17.666666666666668,0.5039526306789696,9.333333333333334,0.2519763153394848,9.333333333333334,0.2519763153394848,4.066666666666666,0.06666666666666667,0.0,0.0,0.0,0.0,1.0,0.0
33000.0,2.188360912,1.9033718820074566E-7,33000.0,0.9410425101214575,0.09269270774292339,0.988,0.0,0.9043100539811066,0.012145748987854251,0.0,0.0,-0.22600619195046523,33000.0,511944.0,15.0,32945.73333333333,33.43571894826393,27486.399999999998,551.7836428994871,18.46666666666667,0.4125030062420516,9.733333333333334,0.2062515031210258,9.733333333333334,0.2062515031210258,4.199999999999999,0.10690449676496978,0.0,0.0,0.0,0.0,1.0,0.0
34000.0,2.249867409,1.9860583742623936E-7,34000.0,0.9763084349593496,0.07788590625270793,0.984,0.0,0.9410425101214575,0.016260162601626018,0.0,0.0,-0.6047197640118094,34000.0,519656.0,15.0,33936.2,34.73960276111393,27995.733333333334,548.4556279891891,18.866666666666667,0.4125030062420518,9.933333333333334,0.2062515031210259,9.933333333333334,0.2062515031210259,4.266666666666666,0.11818736805705583,0.0,0.0,0.0,0.0,1.0,0.0
35000.0,2.311896476,2.0709134361070677E-7,35000.0,0.9582682231822778,0.1453564475533338,0.989,0.0,0.9763084349593496,0.011122345803842264,0.0,0.0,-0.1,35000.0,528792.0,15.0,34930.666666666664,35.81415876792261,28600.0,506.4960113602175,19.266666666666666,0.3837988891354264,10.133333333333333,0.1918994445677132,10.133333333333333,0.1918994445677132,4.466666666666666,0.13333333333333333,0.0,0.0,0.0,0.0,1.0,0.0
36000.0,2.370852066,2.1523156275202203E-7,36000.0,0.9341414141414142,0.07657428502877907,0.99,0.0,0.9582682231822778,0.010101010101010102,0.0,0.0,0.0,36000.0,533720.0,15.0,35931.799999999996,36.36903444781935,28926.93333333333,535.3872071569336,19.4,0.4000000000000001,10.2,0.20000000000000004,10.2,0.20000000000000004,4.533333333333333,0.13333333333333333,0.0,0.0,0.0,0.0,1.0,0.0
37000.0,2.43622491,2.2454845202393202E-7,37000.0,0.8965691220988901,0.09243076732802345,0.991,0.0,0.9341414141414142,0.009081735620585268,0.0,0.0,0.09756097560975312,37000.0,550904.0,15.0,36926.73333333332,33.613272133073444,30062.933333333334,516.1350087928424,20.2,0.38047589248453667,10.6,0.19023794624226834,10.6,0.19023794624226834,4.7333333333333325,0.11818736805705585,0.0,0.0,0.0,0.0,1.0,0.0
38000.0,2.502422591,2.3419196318329616E-7,38000.0,0.9873743277998597,0.1077855096629494,0.987,0.0,0.8965691220988901,0.013171225937183385,0.0,0.0,-0.29319371727749516,38000.0,563112.0,15.0,37925.4,37.607724637113776,30868.8,624.8564574211847,20.866666666666667,0.45634851621755956,10.933333333333334,0.22817425810877978,10.933333333333334,0.22817425810877978,4.866666666666667,0.09085135251589957,0.0,0.0,0.0,0.0,1.0,0.0
39000.0,2.569386624,2.4420489037983735E-7,39000.0,0.9894366197183099,0.08453411018023989,0.994,0.0,0.9873743277998597,0.006036217303822937,0.0,0.0,0.3969072164948473,39000.0,577992.0,15.0,38930.73333333333,36.79330511910159,31851.2,715.0836594413273,21.666666666666664,0.5404289889185186,11.333333333333332,0.2702144944592593,11.333333333333332,0.2702144944592593,4.866666666666667,0.09085135251589957,0.0,0.0,0.0,0.0,1.0,0.0
40000.0,2.634832579,2.541877644201533E-7,40000.0,0.9262249131068505,0.07002180960090224,0.991,0.0,0.9894366197183099,0.009081735620585268,0.0,0.0,0.09319899244332062,40000.0,589624.0,15.0,39931.733333333344,36.494548407839126,32620.8,884.14566349992,22.333333333333332,0.6374552583116769,11.666666666666666,0.31872762915583847,11.666666666666666,0.31872762915583847,4.866666666666667,0.09085135251589957,0.0,0.0,0.0,0.0,1.0,0.0
41000.0,2.703742044,2.6502211549158925E-7,41000.0,0.9707955689828801,0.08962079074665229,0.993,0.0,0.9262249131068505,0.007049345417925478,0.0,0.0,0.2896039603960396,41000.0,607752.0,15.0,40935.59999999999,33.802338606050235,33819.2,714.2631981213062,23.0,0.5163977794943223,12.0,0.25819888974716115,12.0,0.25819888974716115,4.866666666666667,0.09085135251589957,0.0,0.0,0.0,0.0,1.0,0.0
42000.0,2.769463829,2.7544586888866286E-7,42000.0,0.9824432392683151,0.08588410534944263,0.989,0.0,0.9707955689828801,0.011122345803842264,0.0,0.0,-0.1132530120481877,42000.0,613080.0,15.0,41954.46666666667,36.540631874363896,34171.200000000004,784.4942271176714,23.26666666666667,0.5811865258054231,12.133333333333335,0.29059326290271154,12.133333333333335,0.29059326290271154,4.933333333333334,0.11818736805705575,0.0,0.0,0.0,0.0,1.0,0.0
43000.0,2.834030604,2.857548502255748E-7,43000.0,0.9793346774193549,0.10512484992455716,0.992,0.0,0.9824432392683151,0.008064516129032258,0.0,0.0,0.18676122931441888,43000.0,617176.0,15.0,42942.13333333333,35.12791139151529,34442.666666666664,802.4441393800548,23.400000000000002,0.5920102959207637,12.200000000000001,0.29600514796038185,12.200000000000001,0.29600514796038185,4.933333333333334,0.11818736805705575,0.0,0.0,0.0,0.0,1.0,0.0
44000.0,2.899607162,2.9632046691333455E-7,44000.0,0.972410568155249,0.09415797525986959,0.987,0.0,0.9793346774193549,0.013171225937183385,0.0,0.0,-0.31192660550459383,44000.0,622800.0,15.0,43946.73333333334,35.111721915523106,34814.4,925.0624112793173,23.666666666666668,0.6946507630023036,12.333333333333334,0.3473253815011518,12.333333333333334,0.3473253815011518,4.933333333333334,0.11818736805705575,0.0,0.0,0.0,0.0,1.0,0.0
45000.0,2.965236498,3.069893942702002E-7,45000.0,0.9638383838383838,0.09130834010329228,0.99,0.0,0.972410568155249,0.010101010101010102,0.0,0.0,-0.008968609865473615,45000.0,628384.0,15.0,44948.46666666667,35.40673418146365,35182.4,884.3560412068481,24.2,0.7508725083591246,12.6,0.3754362541795623,12.6,0.3754362541795623,5.0,0.0975900072948533,0.0,0.0,0.0,0.0,1.0,0.0
46000.0,3.029808848,3.1761585724675193E-7,46000.0,0.9901713709677419,0.16633844596595743,0.992,0.0,0.9638383838383838,0.008064516129032258,0.0,0.0,0.18942731277533356,46000.0,636128.0,15.0,45954.86666666667,34.3865791464756,35694.4,981.8339923690912,24.466666666666665,0.7162512638843112,12.733333333333333,0.3581256319421556,12.733333333333333,0.3581256319421556,5.0,0.0975900072948533,0.0,0.0,0.0,0.0,1.0,0.0
47000.0,3.096994917,3.289093904514548E-7,47000.0,0.9766522658332567,0.10863666380640997,0.989,0.0,0.9901713709677419,0.011122345803842264,0.0,0.0,-0.11182795698925262,47000.0,649760.0,15.0,46940.53333333333,39.52887632468269,36595.73333333333,1024.031805061629,25.0,0.7807200583588264,13.0,0.3903600291794132,13.0,0.3903600291794132,5.0,0.0975900072948533,0.0,0.0,0.0,0.0,1.0,0.0
48000.0,3.160844169,3.396952803584622E-7,48000.0,0.9774445564516129,0.09372037923634118,0.992,0.0,0.9766522658332567,0.008064516129032258,0.0,0.0,0.18816067653277319,48000.0,652984.0,15.0,47946.066666666666,42.4841109420884,36809.066666666666,934.967885706021,25.133333333333336,0.7162512638843114,13.066666666666668,0.3581256319421557,13.066666666666668,0.3581256319421557,5.066666666666666,0.11818736805705579,0.0,0.0,0.0,0.0,1.0,0.0
49000.0,3.22817305,3.512597373030272E-7,49000.0,0.9681251811069256,0.09780529474384331,0.986,0.0,0.9774445564516129,0.014198782961460446,0.0,0.0,-0.40862422997947095,49000.0,663936.0,15.0,48950.46666666666,41.59142158193616,37532.799999999996,1188.6292513407445,25.666666666666668,0.9085135251589959,13.333333333333334,0.45425676257949793,13.333333333333334,0.45425676257949793,5.066666666666666,0.11818736805705579,0.0,0.0,0.0,0.0,1.0,0.0
50000.0,3.296149198,3.630664866169976E-7,50000.0,0.97640627247878,0.1293152245285247,0.993,0.0,0.9681251811069256,0.007049345417925478,0.0,0.0,0.2914979757085014,50000.0,671392.0,15.0,49935.2,43.90587334612203,38025.066666666666,1182.4249154322317,26.06666666666667,0.912697032435119,13.533333333333335,0.4563485162175595,13.533333333333335,0.4563485162175595,5.133333333333333,0.09085135251589958,0.0,0.0,0.0,0.0,1.0,0.0
51000.0,3.362990998,3.7473832443239157E-7,51000.0,0.9821068548387096,0.12711688265687865,0.992,0.0,0.97640627247878,0.008064516129032258,0.0,0.0,0.18725099601593337,51000.0,674984.0,15.0,50928.200000000004,41.49322377265516,38262.399999999994,1245.0182205589647,26.333333333333336,0.9495195109039631,13.666666666666668,0.47475975545198157,13.666666666666668,0.47475975545198157,5.2666666666666675,0.1181873680570558,0.0,0.0,0.0,0.0,1.0,0.0
52000.0,3.431524742,3.868614873261107E-7,52000.0,0.9797116029510395,0.08637817507049787,0.994,0.0,0.9821068548387096,0.006036217303822937,0.0,0.0,0.3858267716535417,52000.0,683776.0,15.0,51936.933333333334,43.1119767545232,38844.26666666666,1164.657413215891,26.600000000000005,0.8772250620700535,13.800000000000002,0.43861253103502673,13.800000000000002,0.43861253103502673,5.2666666666666675,0.1181873680570558,0.0,0.0,0.0,0.0,1.0,0.0
53000.0,3.498840602,3.9885726317771803E-7,53000.0,0.9786605937921727,0.10161346281060034,0.988,0.0,0.9797116029510395,0.012145748987854251,0.0,0.0,-0.2230769230769189,53000.0,688832.0,15.0,52938.53333333333,42.803300569962396,39178.13333333333,1088.536972999678,26.866666666666667,0.8157185944900518,13.933333333333334,0.4078592972450259,13.933333333333334,0.4078592972450259,5.2666666666666675,0.1181873680570558,0.0,0.0,0.0,0.0,1.0,0.0
54000.0,3.568147226,4.1139914129623304E-7,54000.0,0.993014063792628,0.11178669472517133,0.989,0.0,0.9786605937921727,0.011122345803842264,0.0,0.0,-0.11864406779660806,54000.0,699504.0,15.0,53939.8,39.07626243276476,39883.2,1101.5218010076958,27.400000000000002,0.8326663997864531,14.200000000000001,0.41633319989322654,14.200000000000001,0.41633319989322654,5.333333333333334,0.12598815766974242,0.0,0.0,0.0,0.0,1.0,0.0
55000.0,3.637700708,4.2420809147705417E-7,55000.0,0.9630566801619433,0.06994474249247049,0.988,0.0,0.993014063792628,0.012145748987854251,0.0,0.0,-0.21546961325967173,55000.0,711864.0,15.0,54937.13333333333,38.13608048712717,40700.799999999996,971.2065897634756,27.933333333333337,0.7268108201271967,14.466666666666669,0.36340541006359833,14.466666666666669,0.36340541006359833,5.4,0.13093073414159542,0.0,0.0,0.0,0.0,1.0,0.0
56000.0,3.70708401,4.371191021129136E-7,56000.0,0.9671487834959076,0.07552844551973374,0.991,0.0,0.9630566801619433,0.009081735620585268,0.0,0.0,0.08695652173913337,56000.0,719296.0,15.0,55934.6,38.92640186177969,41191.46666666667,868.2791621892482,28.333333333333336,0.6374552583116766,14.666666666666668,0.3187276291558383,14.666666666666668,0.3187276291558383,5.4,0.13093073414159542,0.0,0.0,0.0,0.0,1.0,0.0
57000.0,3.775901243,4.5001478958530337E-7,57000.0,0.993776554365388,0.1250701892663712,0.983,0.0,0.9671487834959076,0.017293997965412006,0.0,0.0,-0.7029876977152927,57000.0,724352.0,15.0,56920.33333333333,38.72880884975212,41525.333333333336,796.9666938530814,28.6,0.5920102959207639,14.8,0.29600514796038196,14.8,0.29600514796038196,5.533333333333333,0.13333333333333333,0.0,0.0,0.0,0.0,1.0,0.0
58000.0,3.845461419,4.632565710217401E-7,58000.0,0.9901800327332242,0.09830406599074347,0.987,0.0,0.993776554365388,0.013171225937183385,0.0,0.0,-0.29553264604810553,58000.0,735848.0,15.0,57922.53333333333,39.79876364036435,42285.333333333336,904.6395265606474,29.133333333333336,0.6609276789675227,15.066666666666668,0.33046383948376135,15.066666666666668,0.33046383948376135,5.666666666666666,0.12598815766974242,0.0,0.0,0.0,0.0,1.0,0.0
59000.0,3.913123459,4.763163981575745E-7,59000.0,0.9671487834959076,0.08805243034631911,0.991,0.0,0.9901800327332242,0.009081735620585268,0.0,0.0,0.1015228426395924,59000.0,746096.0,15.0,58928.93333333333,40.252709659358764,42963.200000000004,892.30558079831,29.666666666666668,0.6374552583116766,15.333333333333334,0.3187276291558383,15.333333333333334,0.3187276291558383,5.7333333333333325,0.11818736805705576,0.0,0.0,0.0,0.0,1.0,0.0
60000.0,3.980887213,4.895216567738953E-7,60000.0,0.9849397590361446,0.1102665224334819,0.996,0.0,0.9671487834959076,0.004016064257028112,0.0,0.0,0.5966386554621852,60000.0,753272.0,15.0,59941.0,43.08076578883413,43437.333333333336,903.1836741252299,29.933333333333337,0.6723566702751539,15.466666666666669,0.33617833513757694,15.466666666666669,0.33617833513757694,5.800000000000001,0.10690449676496977,0.0,0.0,0.0,0.0,1.0,0.0
61000.0,4.045809624,5.022510138188694E-7,61000.0,0.9784844972471747,0.08821055224988264,0.986,0.0,0.9849397590361446,0.014198782961460446,0.0,0.0,-0.4022988505747114,61000.0,757904.0,15.0,60939.66666666667,43.31585728187178,43744.533333333326,839.1514867875632,30.066666666666666,0.6130848357878508,15.533333333333333,0.3065424178939254,15.533333333333333,0.3065424178939254,5.800000000000001,0.10690449676496977,0.0,0.0,0.0,0.0,1.0,0.0
62000.0,4.110598051,5.150047852765498E-7,62000.0,0.9825092499159098,0.0838466244024667,0.991,0.0,0.9784844972471747,0.009081735620585268,0.0,0.0,0.09708737864077735,62000.0,760928.0,15.0,61939.46666666667,45.84911762838607,43943.99999999999,832.9763502044947,30.333333333333332,0.6068393265551997,15.666666666666666,0.30341966327759984,15.666666666666666,0.30341966327759984,5.800000000000001,0.10690449676496977,0.0,0.0,0.0,0.0,1.0,0.0
63000.0,4.174639627,5.277035204833724E-7,63000.0,0.9940114709851552,0.14044363762041706,0.988,0.0,0.9825092499159098,0.012145748987854251,0.0,0.0,-0.2,63000.0,766480.0,15.0,62926.46666666666,48.188900783584906,44311.46666666665,819.8632979354478,30.46666666666667,0.6005288674451216,15.733333333333334,0.3002644337225608,15.733333333333334,0.3002644337225608,5.800000000000001,0.10690449676496977,0.0,0.0,0.0,0.0,1.0,0.0
64000.0,4.23789424,5.402852214520402E-7,64000.0,0.9949799196787149,0.14495381461619805,0.996,0.0,0.9940114709851552,0.004016064257028112,0.0,0.0,0.5962145110410093,64000.0,768864.0,15.0,63925.26666666667,47.100042125819385,44468.799999999996,810.1263111391956,30.6,0.5920102959207638,15.8,0.2960051479603819,15.8,0.2960051479603819,5.800000000000001,0.10690449676496977,0.0,0.0,0.0,0.0,1.0,0.0
65000.0,4.302111937,5.531517848155997E-7,65000.0,0.9332323232323232,0.12420128408033543,0.99,0.0,0.9949799196787149,0.010101010101010102,0.0,0.0,-0.00931677018633871,65000.0,774480.0,15.0,64917.466666666674,48.39420141048634,44840.0,750.9001074900518,30.866666666666667,0.5333333333333332,15.933333333333334,0.2666666666666666,15.933333333333334,0.2666666666666666,5.800000000000001,0.10690449676496977,0.0,0.0,0.0,0.0,1.0,0.0
66000.0,4.364947132,5.657459036536429E-7,66000.0,0.9945061105505102,0.14370873176460608,0.991,0.0,0.9332323232323232,0.009081735620585268,0.0,0.0,0.0903522205206684,66000.0,774760.0,15.0,65919.53333333333,49.5750385218659,44858.66666666667,745.4587508416206,30.866666666666667,0.5333333333333332,15.933333333333334,0.2666666666666666,15.933333333333334,0.2666666666666666,5.800000000000001,0.10690449676496977,0.0,0.0,0.0,0.0,1.0,0.0
67000.0,4.429439501,5.787517218478953E-7,67000.0,0.987891019172553,0.15166437962289986,0.991,0.0,0.9945061105505102,0.009081735620585268,0.0,0.0,0.0891238670694867,67000.0,779528.0,15.0,66906.40000000001,50.74856788971607,45173.333333333336,792.3461164503606,31.133333333333333,0.5679257720333551,16.066666666666666,0.2839628860166776,16.066666666666666,0.2839628860166776,5.800000000000001,0.10690449676496977,0.0,0.0,0.0,0.0,1.0,0.0
68000.0,4.493050926,5.916721720028976E-7,68000.0,0.9733851244425262,0.08194169447579416,0.993,0.0,0.987891019172553,0.007049345417925478,0.0,0.0,0.2884902840059785,68000.0,785136.0,15.0,67904.00000000001,53.075776916009914,45544.0,888.3475939175203,31.4,0.6531972647421809,16.200000000000003,0.32659863237109027,16.200000000000003,0.32659863237109027,5.800000000000001,0.10690449676496977,0.0,0.0,0.0,0.0,1.0,0.0
69000.0,4.559961015,6.055332161443492E-7,69000.0,0.8965130620024666,0.10528587039346993,0.991,0.0,0.9733851244425262,0.009081735620585268,0.0,0.0,0.08407079646017834,69000.0,800768.0,15.0,68919.13333333332,54.243355236393874,46578.13333333334,960.6040850704139,32.06666666666667,0.7268108201271969,16.533333333333335,0.36340541006359844,16.533333333333335,0.36340541006359844,5.933333333333334,0.06666666666666665,0.0,0.0,0.0,0.0,1.0,0.0
70000.0,4.631299051,6.207002908367723E-7,70000.0,0.9798989898989899,0.11626404544205395,0.99,0.0,0.8965130620024666,0.010101010101010102,0.0,0.0,-0.017441860465119235,70000.0,821832.0,15.0,69921.4,54.304064567686495,47969.59999999999,759.3068317629613,33.13333333333333,0.5679257720333551,17.066666666666666,0.2839628860166776,17.066666666666666,0.2839628860166776,5.933333333333334,0.06666666666666665,0.0,0.0,0.0,0.0,1.0,0.0
71000.0,4.702572846,6.360885411219007E-7,71000.0,0.8667168674698795,0.014711390928401126,0.996,0.0,0.9798989898989899,0.004016064257028112,0.0,0.0,0.5895953757225426,71000.0,834568.0,15.0,70916.73333333335,56.19570112915008,48809.06666666667,694.5543241578364,34.199999999999996,0.5451081150953977,17.599999999999998,0.27255405754769885,17.599999999999998,0.27255405754769885,6.0,0.09759000729485333,0.0,0.0,0.0,0.0,1.0,0.0
72000.0,4.774612114,6.519907878323933E-7,72000.0,0.9647474747474748,0.1261802097524866,0.99,0.0,0.8667168674698795,0.010101010101010102,0.0,0.0,-0.025641025641022722,72000.0,853280.0,15.0,71921.00000000001,58.382645823337334,50046.4,674.159432888379,34.86666666666667,0.4963357798398241,17.933333333333334,0.24816788991991204,17.933333333333334,0.24816788991991204,6.0,0.09759000729485333,0.0,0.0,0.0,0.0,1.0,0.0
73000.0,4.846035934,6.679939842722853E-7,73000.0,0.9369979919678715,0.13351647494834065,0.996,0.0,0.9647474747474748,0.004016064257028112,0.0,0.0,0.5864022662889521,73000.0,866096.0,15.0,72915.86666666667,60.220378346984056,50893.33333333332,699.8695570071591,35.4,0.5237229365663817,18.2,0.26186146828319085,18.2,0.26186146828319085,6.0,0.09759000729485333,0.0,0.0,0.0,0.0,1.0,0.0
74000.0,4.913224498,6.831555802773972E-7,74000.0,0.9788092835519677,0.11411548797851051,0.991,0.0,0.9369979919678715,0.009081735620585268,0.0,0.0,0.06853146853147157,74000.0,872272.0,15.0,73916.2,64.37118550880936,51301.86666666667,803.5177768897067,35.666666666666664,0.6068393265552003,18.333333333333332,0.30341966327760017,18.333333333333332,0.30341966327760017,6.0,0.09759000729485333,0.0,0.0,0.0,0.0,1.0,0.0
75000.0,4.979755165,6.982286130907985E-7,75000.0,0.9875922199865862,0.12772231310884943,0.994,0.0,0.9788092835519677,0.006036217303822937,0.0,0.0,0.37586685159500827,75000.0,875752.0,15.0,74919.40000000001,64.31927801063561,51531.73333333334,820.0422257807772,35.93333333333333,0.6434036477735062,18.466666666666665,0.3217018238867531,18.466666666666665,0.3217018238867531,6.0,0.09759000729485333,0.0,0.0,0.0,0.0,1.0,0.0
76000.0,5.047489304,7.136549069178041E-7,76000.0,0.9660967835410026,0.08546945303691572,0.986,0.0,0.9875922199865862,0.014198782961460446,0.0,0.0,-0.44761904761904564,76000.0,880352.0,15.0,75918.0,61.370614963126684,51835.73333333334,938.2094774047337,36.333333333333336,0.6666666666666666,18.666666666666668,0.3333333333333333,18.666666666666668,0.3333333333333333,6.0,0.09759000729485333,0.0,0.0,0.0,0.0,1.0,0.0
77000.0,5.114823761,7.291352434561028E-7,77000.0,0.9915909855364952,0.11675101913872428,0.991,0.0,0.9660967835410026,0.009081735620585268,0.0,0.0,0.06854838709677753,77000.0,888680.0,15.0,76917.53333333334,65.67676016215212,52387.73333333333,889.6553825400819,36.333333333333336,0.6666666666666666,18.666666666666668,0.3333333333333333,18.666666666666668,0.3333333333333333,6.0,0.09759000729485333,0.0,0.0,0.0,0.0,1.0,0.0
78000.0,5.18472265,7.453392511600545E-7,78000.0,0.9935678391959799,0.13113946159125833,0.995,0.0,0.9915909855364952,0.005025125628140704,0.0,0.0,0.4793057409879836,78000.0,896096.0,15.0,77923.06666666667,65.57587148208513,52876.799999999996,1016.7840394386325,36.86666666666667,0.8157185944900516,18.933333333333334,0.4078592972450258,18.933333333333334,0.4078592972450258,6.0,0.09759000729485333,0.0,0.0,0.0,0.0,1.0,0.0
79000.0,5.252904856,7.612444967797563E-7,79000.0,0.9678391959798995,0.109939019731479,0.995,0.0,0.9935678391959799,0.005025125628140704,0.0,0.0,0.47612732095490923,79000.0,901720.0,15.0,78925.66666666667,64.0166397019562,53249.066666666666,1002.5208201930942,37.0,0.7559289460184542,19.0,0.3779644730092271,19.0,0.3779644730092271,6.0,0.09759000729485333,0.0,0.0,0.0,0.0,1.0,0.0
80000.0,5.320480716,7.770647982432527E-7,80000.0,0.9818181818181818,0.10074974130478566,0.99,0.0,0.9678391959798995,0.010101010101010102,0.0,0.0,-0.047120418848174236,80000.0,904952.0,15.0,79925.33333333334,67.04722334839867,53462.933333333334,1072.206623062776,37.13333333333333,0.8157185944900516,19.066666666666666,0.4078592972450258,19.066666666666666,0.4078592972450258,6.0,0.09759000729485333,0.0,0.0,0.0,0.0,1.0,0.0
81000.0,5.389954844,7.934892505941207E-7,81000.0,0.9383820564516129,0.06135356666646139,0.992,0.0,0.9818181818181818,0.008064516129032258,0.0,0.0,0.16062176165803424,81000.0,913840.0,15.0,80920.73333333332,68.25927229298857,54050.666666666664,1075.0494414617876,37.53333333333333,0.8157185944900515,19.266666666666666,0.40785929724502573,19.266666666666666,0.40785929724502573,6.0,0.09759000729485333,0.0,0.0,0.0,0.0,1.0,0.0
82000.0,5.457567201,8.095698321600795E-7,82000.0,0.9432624113475178,0.0982836551831292,0.987,0.0,0.9383820564516129,0.013171225937183385,0.0,0.0,-0.3579617834394983,82000.0,919344.0,15.0,81914.26666666668,64.87735437817344,54416.0,1008.7314050920827,37.666666666666664,0.7725447539304094,19.333333333333332,0.3862723769652047,19.333333333333332,0.3862723769652047,6.0,0.09759000729485333,0.0,0.0,0.0,0.0,1.0,0.0
83000.0,5.533899069,8.281396973612945E-7,83000.0,0.9536943603542998,0.05940565516616654,0.991,0.0,0.9432624113475178,0.009081735620585268,0.0,0.0,0.0591939546599466,83000.0,940384.0,15.0,82918.06666666667,63.799422796811605,55804.8,1074.3235089602952,39.0,0.7807200583588264,20.0,0.3903600291794132,20.0,0.3903600291794132,6.200000000000001,0.10690449676496981,0.0,0.0,0.0,0.0,1.0,0.0
84000.0,5.60742238,8.463099365853558E-7,84000.0,0.994131455399061,0.1142731276518543,0.994,0.0,0.9536943603542998,0.006036217303822937,0.0,0.0,0.3699999999999972,84000.0,955296.0,15.0,83923.4,65.22238879403305,56790.40000000001,1130.0372551802168,39.53333333333334,0.8829963418285149,20.26666666666667,0.44149817091425747,20.26666666666667,0.44149817091425747,6.2666666666666675,0.1181873680570558,0.0,0.0,0.0,0.0,1.0,0.0
85000.0,5.676066486,8.633365747920712E-7,85000.0,0.9671844838680026,0.09803419644664611,0.989,0.0,0.994131455399061,0.011122345803842264,0.0,0.0,-0.1528976572133131,85000.0,958800.0,15.0,84912.13333333333,69.04766239735899,57022.4,1156.7492579268362,39.666666666666664,0.9085135251589959,20.333333333333332,0.45425676257949793,20.333333333333332,0.45425676257949793,6.2666666666666675,0.1181873680570558,0.0,0.0,0.0,0.0,1.0,0.0
86000.0,5.744965704,8.805465558818519E-7,86000.0,0.978150406504065,0.08814335804619412,0.984,0.0,0.9671844838680026,0.016260162601626018,0.0,0.0,-0.6638452237001167,86000.0,965536.0,15.0,85904.13333333333,70.41792701041774,57468.26666666666,1150.6086483193585,39.93333333333333,0.8915832181690249,20.466666666666665,0.44579160908451243,20.466666666666665,0.44579160908451243,6.2666666666666675,0.1181873680570558,0.0,0.0,0.0,0.0,1.0,0.0
87000.0,5.815324627,8.982824908459226E-7,87000.0,0.9418145050096516,0.08460876216383034,0.989,0.0,0.978150406504065,0.011122345803842264,0.0,0.0,-0.14200477326968944,87000.0,974400.0,15.0,86892.79999999999,74.93229960310572,58054.4,1197.2487063103908,40.333333333333336,0.9292427365828928,20.666666666666668,0.4646213682914464,20.666666666666668,0.4646213682914464,6.2666666666666675,0.1181873680570558,0.0,0.0,0.0,0.0,1.0,0.0
88000.0,5.884896524,9.158877074943316E-7,88000.0,0.9859986504723347,0.11392706042108636,0.988,0.0,0.9418145050096516,0.012145748987854251,0.0,0.0,-0.24235294117647352,88000.0,978160.0,15.0,87882.53333333334,76.35293156605114,58302.93333333334,1189.3923196989,40.6,0.9601587170383663,20.8,0.48007935851918315,20.8,0.48007935851918315,6.2666666666666675,0.1181873680570558,0.0,0.0,0.0,0.0,1.0,0.0
89000.0,5.956884841,9.342878044245163E-7,89000.0,0.9937248995983936,0.10033871397019216,0.996,0.0,0.9859986504723347,0.004016064257028112,0.0,0.0,0.5831381733021064,89000.0,988008.0,15.0,88883.2,76.98368410934661,58953.6,1225.9311749499993,41.00000000000001,0.9360504666899517,21.000000000000004,0.46802523334497587,21.000000000000004,0.46802523334497587,6.4,0.16329931618554525,0.0,0.0,0.0,0.0,1.0,0.0
90000.0,6.025646229,9.518932730421526E-7,90000.0,0.9832705211876092,0.11753278225173125,0.989,0.0,0.9937248995983936,0.011122345803842264,0.0,0.0,-0.14450867052023048,90000.0,989704.0,15.0,89880.53333333334,74.93088031910969,59066.66666666667,1226.0133249748442,41.00000000000001,0.9360504666899517,21.000000000000004,0.46802523334497587,21.000000000000004,0.46802523334497587,6.4,0.16329931618554525,0.0,0.0,0.0,0.0,1.0,0.0
91000.0,6.095812183,9.699601590287373E-7,91000.0,0.9828456104944501,0.10449130063170882,0.991,0.0,0.9832705211876092,0.009081735620585268,0.0,0.0,0.06292906178489893,91000.0,995312.0,15.0,90880.4,75.07303110971277,59437.33333333333,1220.9579793349103,41.266666666666666,0.9333333333333333,21.133333333333333,0.4666666666666667,21.133333333333333,0.4666666666666667,6.466666666666668,0.16523191974188067,0.0,0.0,0.0,0.0,1.0,0.0
92000.0,6.168572251,9.889302112775729E-7,92000.0,0.9951086174651129,0.1436813177950318,0.993,0.0,0.9828456104944501,0.007049345417925478,0.0,0.0,0.269012485811581,92000.0,1007808.0,15.0,91875.66666666666,76.57624066850495,60262.4,1289.0922786430547,41.93333333333333,0.9926715596796484,21.466666666666665,0.4963357798398242,21.466666666666665,0.4963357798398242,6.533333333333332,0.16523191974188062,0.0,0.0,0.0,0.0,1.0,0.0
93000.0,6.239165974,1.007389363981957E-6,93000.0,0.9836189516129032,0.13424143041010314,0.992,0.0,0.9951086174651129,0.008064516129032258,0.0,0.0,0.16310461192351164,93000.0,1010760.0,15.0,92876.59999999999,74.04617606923621,60457.59999999999,1230.17532161264,42.06666666666667,0.9333333333333331,21.533333333333335,0.46666666666666656,21.533333333333335,0.46666666666666656,6.533333333333332,0.16523191974188062,0.0,0.0,0.0,0.0,1.0,0.0
94000.0,6.310569265,1.0261536008852035E-6,94000.0,0.9723340040241448,0.12711125092622494,0.994,0.0,0.9836189516129032,0.006036217303822937,0.0,0.0,0.3698324022346338,94000.0,1015816.0,15.0,93874.59999999998,74.1640267052913,60791.46666666667,1292.1965273892456,42.33333333333333,0.9888264649460882,21.666666666666664,0.4944132324730441,21.666666666666664,0.4944132324730441,6.533333333333332,0.16523191974188062,0.0,0.0,0.0,0.0,1.0,0.0
95000.0,6.382900583,1.0453061740658078E-6,95000.0,0.9895413306451613,0.10617978811221808,0.992,0.0,0.9723340040241448,0.008064516129032258,0.0,0.0,0.15836101882612963,95000.0,1023536.0,15.0,94881.73333333334,73.94859647508456,61301.333333333336,1461.9425911035426,42.73333333333333,1.1358515440667103,21.866666666666664,0.5679257720333551,21.866666666666664,0.5679257720333551,6.6000000000000005,0.16329931618554522,0.0,0.0,0.0,0.0,1.0,0.0
96000.0,6.456552989,1.0651009209746018E-6,96000.0,0.9595514112903226,0.09150372301549088,0.992,0.0,0.9895413306451613,0.008064516129032258,0.0,0.0,0.15697036223930128,96000.0,1038880.0,15.0,95881.46666666667,72.62630158929734,62316.26666666667,1435.2116932510146,43.400000000000006,1.0902162301907952,22.200000000000003,0.5451081150953976,22.200000000000003,0.5451081150953976,6.666666666666668,0.1593638145779192,0.0,0.0,0.0,0.0,1.0,0.0
97000.0,6.528738901,1.0846168684265905E-6,97000.0,0.9768049932523617,0.08638443521168869,0.988,0.0,0.9595514112903226,0.012145748987854251,0.0,0.0,-0.2611050920910079,97000.0,1045056.0,15.0,96883.2,73.03549039434768,62724.8,1428.6671084149261,43.66666666666667,1.0983392947305521,22.333333333333336,0.5491696473652761,22.333333333333336,0.5491696473652761,6.666666666666668,0.1593638145779192,0.0,0.0,0.0,0.0,1.0,0.0
98000.0,6.602874589,1.104853735117554E-6,98000.0,0.997084874985985,0.15358498041795,0.991,0.0,0.9768049932523617,0.009081735620585268,0.0,0.0,0.05364806866952294,98000.0,1055160.0,15.0,97888.93333333333,70.83921880311055,63392.0,1511.7579045286195,44.2,1.151396667406279,22.6,0.5756983337031395,22.6,0.5756983337031395,6.733333333333334,0.15327120894696272,0.0,0.0,0.0,0.0,1.0,0.0
99000.0,6.676448423,1.1250788421686758E-6,99000.0,0.9832409274193549,0.14734159005985886,0.992,0.0,0.997084874985985,0.008064516129032258,0.0,0.0,0.1574468085106331,99000.0,1062600.0,15.0,98894.93333333333,74.29743741441708,63883.2,1589.09134623113,44.599999999999994,1.2220201853215573,22.799999999999997,0.6110100926607787,22.799999999999997,0.6110100926607787,6.733333333333334,0.15327120894696272,0.0,0.0,0.0,0.0,1.0,0.0
100000.0,6.751229414,1.1458640726730247E-6,100000.0,0.9526262626262626,0.12234154320508893,0.99,0.0,0.9832409274193549,0.010101010101010102,0.0,0.0,-0.05263157894737457,100000.0,1074400.0,15.0,99895.13333333333,75.97542626945497,64663.46666666666,1392.5261111227787,45.13333333333334,1.0594997322036863,23.06666666666667,0.5297498661018432,23.06666666666667,0.5297498661018432,6.733333333333334,0.15327120894696272,0.0,0.0,0.0,0.0,1.0,0.0
101000.0,6.826445236,1.1668794419062737E-6,101000.0,0.9684422110552764,0.08804276413673366,0.995,0.0,0.9526262626262626,0.005025125628140704,0.0,0.0,0.4712041884816754,101000.0,1080016.0,15.0,100894.93333333333,74.20835960267932,65034.66666666667,1326.6073401427548,45.4,1.0179344164485629,23.2,0.5089672082242814,23.2,0.5089672082242814,6.866666666666667,0.13333333333333333,0.0,0.0,0.0,0.0,1.0,0.0
102000.0,6.901360469,1.1879604447189222E-6,102000.0,0.9850880143513847,0.0815588060224044,0.991,0.0,0.9684422110552764,0.009081735620585268,0.0,0.0,0.04771784232365035,102000.0,1087736.0,15.0,101885.66666666666,73.46866300977912,65544.53333333334,1283.8018459569762,45.79999999999999,0.9913915184512837,23.399999999999995,0.49569575922564185,23.399999999999995,0.49569575922564185,6.933333333333334,0.11818736805705578,0.0,0.0,0.0,0.0,1.0,0.0
103000.0,6.977731617,1.2096449185289443E-6,103000.0,0.9929506545820745,0.10371360382926267,0.993,0.0,0.9850880143513847,0.007049345417925478,0.0,0.0,0.2574665293511841,103000.0,1097544.0,15.0,102878.59999999999,74.68650671784263,66191.46666666666,1236.6146024209136,46.46666666666666,0.9043106644167022,23.73333333333333,0.4521553322083511,23.73333333333333,0.4521553322083511,6.933333333333334,0.11818736805705578,0.0,0.0,0.0,0.0,1.0,0.0
104000.0,7.053894474,1.2313638816351258E-6,104000.0,0.993195564516129,0.10987644615804736,0.992,0.0,0.9929506545820745,0.008064516129032258,0.0,0.0,0.15015321756894953,104000.0,1102296.0,15.0,103883.59999999999,78.10205777424537,66504.53333333333,1192.776600113272,46.86666666666666,0.8387443373830091,23.93333333333333,0.41937216869150457,23.93333333333333,0.41937216869150457,6.933333333333334,0.11818736805705578,0.0,0.0,0.0,0.0,1.0,0.0
105000.0,7.130244601,1.2533225468303201E-6,105000.0,0.9668522267206477,0.10058917982064088,0.988,0.0,0.993195564516129,0.012145748987854251,0.0,0.0,-0.2714429868819376,105000.0,1111728.0,15.0,104879.46666666667,82.11414046004525,67129.06666666667,1178.6708554116476,47.13333333333334,0.9454989444564461,24.06666666666667,0.47274947222822306,24.06666666666667,0.47274947222822306,7.0,0.09759000729485331,0.0,0.0,0.0,0.0,1.0,0.0
106000.0,7.209493914,1.2764722562215664E-6,106000.0,0.9770088067960409,0.09236951354426622,0.987,0.0,0.9668522267206477,0.013171225937183385,0.0,0.0,-0.3725099601593586,106000.0,1129152.0,15.0,105870.20000000001,78.68098336229053,68281.59999999999,1255.3139042069267,47.800000000000004,0.9521904571390467,24.400000000000002,0.47609522856952335,24.400000000000002,0.47609522856952335,7.0,0.09759000729485331,0.0,0.0,0.0,0.0,1.0,0.0
107000.0,7.285593698,1.298748883014878E-6,107000.0,0.9972423936023531,0.13198863422709264,0.989,0.0,0.9770088067960409,0.011122345803842264,0.0,0.0,-0.15960591133005675,107000.0,1131536.0,15.0,106857.33333333334,76.41164624937478,68438.93333333335,1236.295755440677,47.93333333333334,0.9333333333333332,24.46666666666667,0.4666666666666666,24.46666666666667,0.4666666666666666,7.0,0.09759000729485331,0.0,0.0,0.0,0.0,1.0,0.0
108000.0,7.362830143,1.321502267580678E-6,108000.0,0.9526226734348562,0.054851978306640126,0.985,0.0,0.9972423936023531,0.015228426395939087,0.0,0.0,-0.5728155339805883,108000.0,1138744.0,15.0,107850.59999999998,76.44280775287496,68917.33333333333,1244.1012769471731,48.199999999999996,0.9113046639166235,24.599999999999998,0.45565233195831173,24.599999999999998,0.45565233195831173,7.0,0.09759000729485331,0.0,0.0,0.0,0.0,1.0,0.0
109000.0,7.442820453,1.3454038149422159E-6,109000.0,0.9894607018724072,0.12986197973639385,0.991,0.0,0.9526226734348562,0.009081735620585268,0.0,0.0,0.055822906641003284,109000.0,1155024.0,15.0,108855.4,79.1917985171513,69993.59999999999,1006.6555508689347,48.86666666666667,0.7675977782708526,24.933333333333334,0.3837988891354263,24.933333333333334,0.3837988891354263,7.066666666666667,0.11818736805705583,0.0,0.0,0.0,0.0,1.0,0.0
110000.0,7.521021907,1.368785893924348E-6,110000.0,0.975033738191633,0.1234349378865618,0.988,0.0,0.9894607018724072,0.012145748987854251,0.0,0.0,-0.25594671741198605,110000.0,1155768.0,15.0,109849.86666666665,80.67954639404745,70039.46666666667,1295.349976120323,49.8,0.868496237346895,25.4,0.4342481186734475,25.4,0.4342481186734475,7.066666666666667,0.11818736805705583,0.0,0.0,0.0,0.0,1.0,0.0
111000.0,7.598423853,1.3921863493639935E-6,111000.0,0.9939393939393939,0.1473880323727499,0.99,0.0,0.975033738191633,0.010101010101010102,0.0,0.0,-0.04618284637134604,111000.0,1168624.0,15.0,110856.6,80.88208937059167,70891.2,1179.8392271427333,49.8,0.868496237346895,25.4,0.4342481186734475,25.4,0.4342481186734475,7.066666666666667,0.11818736805705583,0.0,0.0,0.0,0.0,1.0,0.0
112000.0,7.675960498,1.415848013696236E-6,112000.0,0.9705141129032258,0.11954612878630555,0.992,0.0,0.9939393939393939,0.008064516129032258,0.0,0.0,0.16183348924228103,112000.0,1179616.0,15.0,111858.13333333335,83.06032613575363,71618.66666666667,1222.2370538782632,50.06666666666666,0.9333333333333332,25.53333333333333,0.4666666666666666,25.53333333333333,0.4666666666666666,7.066666666666667,0.11818736805705583,0.0,0.0,0.0,0.0,1.0,0.0
113000.0,7.754527928,1.4399359487878945E-6,113000.0,0.9230182926829268,0.08796130948108778,0.984,0.0,0.9705141129032258,0.016260162601626018,0.0,0.0,-0.6663594470046124,113000.0,1185112.0,15.0,112844.0,80.67117264077747,71982.39999999998,1225.0373941814419,50.46666666666666,0.8611546327967478,25.73333333333333,0.4305773163983739,25.73333333333333,0.4305773163983739,7.066666666666667,0.11818736805705583,0.0,0.0,0.0,0.0,1.0,0.0
114000.0,7.832772406,1.4640676971083011E-6,114000.0,0.9598989898989899,0.11444776046963623,0.99,0.0,0.9230182926829268,0.010101010101010102,0.0,0.0,-0.04109589041095479,114000.0,1192168.0,15.0,113837.93333333332,78.37914364631943,72449.6,1098.2334420938623,50.73333333333333,0.847779546067348,25.866666666666664,0.423889773033674,25.866666666666664,0.423889773033674,7.066666666666667,0.11818736805705583,0.0,0.0,0.0,0.0,1.0,0.0
115000.0,7.914513398,1.489587067524704E-6,115000.0,0.99446652638142,0.1252329022481233,0.987,0.0,0.9598989898989899,0.013171225937183385,0.0,0.0,-0.3492779783393506,115000.0,1206792.0,15.0,114834.93333333332,78.6054927601351,73416.0,1083.6059730187465,51.266666666666666,0.8250060124841032,26.133333333333333,0.4125030062420516,26.133333333333333,0.4125030062420516,7.066666666666667,0.11818736805705583,0.0,0.0,0.0,0.0,1.0,0.0
116000.0,7.999624522,1.5166227322007014E-6,116000.0,0.9764632530589977,0.10273228297609346,0.987,0.0,0.99446652638142,0.013171225937183385,0.0,0.0,-0.34522747546834,116000.0,1227872.0,15.0,115845.73333333332,78.4859384837984,74808.53333333333,1133.551342617178,52.33333333333333,0.88730016753159,26.666666666666664,0.443650083765795,26.666666666666664,0.443650083765795,7.066666666666667,0.11818736805705583,0.0,0.0,0.0,0.0,1.0,0.0
117000.0,8.078077467,1.5416517157967826E-6,117000.0,0.9666331658291457,0.08554867126715258,0.995,0.0,0.9764632530589977,0.005025125628140704,0.0,0.0,0.48046181172291136,117000.0,1233208.0,15.0,116837.33333333334,77.67482074506343,75161.06666666668,1051.7837522928844,52.6,0.8094677851762199,26.8,0.40473389258810993,26.8,0.40473389258810993,7.066666666666667,0.11818736805705583,0.0,0.0,0.0,0.0,1.0,0.0
118000.0,8.15699271,1.5669741983059796E-6,118000.0,0.9981556002682763,0.12863655446414157,0.994,0.0,0.9666331658291457,0.006036217303822937,0.0,0.0,0.37455830388692335,118000.0,1240360.0,15.0,117851.6,77.62748654095826,75633.06666666668,1134.8060437032375,53.0,0.8728715609439693,27.0,0.43643578047198467,27.0,0.43643578047198467,7.066666666666667,0.11818736805705583,0.0,0.0,0.0,0.0,1.0,0.0
119000.0,8.236177709,1.5925036937344408E-6,119000.0,0.9607500689401599,0.10027753095593508,0.989,0.0,0.9981556002682763,0.011122345803842264,0.0,0.0,-0.14523184601925426,119000.0,1246240.0,15.0,118846.06666666665,72.22514182132937,76020.79999999999,1194.7429737534903,53.53333333333333,0.9251340529204489,27.266666666666666,0.46256702646022446,27.266666666666666,0.46256702646022446,7.133333333333334,0.09085135251589967,0.0,0.0,0.0,0.0,1.0,0.0
120000.0,8.320670864,1.620146575954981E-6,120000.0,0.9821728893373697,0.12596136745811795,0.991,0.0,0.9607500689401599,0.009081735620585268,0.0,0.0,0.06250000000000433,120000.0,1264632.0,15.0,119855.86666666668,73.59702806283916,77236.26666666668,1075.7259673473513,54.333333333333336,0.8432740427115677,27.666666666666668,0.42163702135578385,27.666666666666668,0.42163702135578385,7.200000000000001,0.10690449676496981,0.0,0.0,0.0,0.0,1.0,0.0
121000.0,8.403588266,1.6475656636889675E-6,121000.0,0.9923232323232323,0.12907196579765357,0.99,0.0,0.9821728893373697,0.010101010101010102,0.0,0.0,-0.04130808950086695,121000.0,1278232.0,15.0,120863.06666666667,75.64619819652167,78134.40000000001,1228.993040392553,55.13333333333333,0.945498944456446,28.066666666666666,0.472749472228223,28.066666666666666,0.472749472228223,7.333333333333333,0.12598815766974236,0.0,0.0,0.0,0.0,1.0,0.0
122000.0,8.489180103,1.676093393294737E-6,122000.0,0.9934475806451613,0.12239921981109636,0.992,0.0,0.9923232323232323,0.008064516129032258,0.0,0.0,0.16581196581196628,122000.0,1288360.0,15.0,121870.86666666665,76.03074983606956,78804.26666666665,1154.0196229521962,55.4,0.8552359741197579,28.2,0.42761798705987897,28.2,0.42761798705987897,7.333333333333333,0.12598815766974236,0.0,0.0,0.0,0.0,1.0,0.0
123000.0,8.573747959,1.704343888483536E-6,123000.0,0.9731723675385647,0.08536292612138721,0.994,0.0,0.9934475806451613,0.006036217303822937,0.0,0.0,0.37244897959183676,123000.0,1291288.0,15.0,122879.73333333332,75.77676906650777,78996.79999999999,1144.5331558159007,55.800000000000004,0.8462803768199262,28.400000000000002,0.4231401884099631,28.400000000000002,0.4231401884099631,7.333333333333333,0.12598815766974236,0.0,0.0,0.0,0.0,1.0,0.0
124000.0,8.658305901,1.7327482232672517E-6,124000.0,0.9846887550200804,0.0923640770835124,0.996,0.0,0.9731723675385647,0.004016064257028112,0.0,0.0,0.5796610169491524,124000.0,1298472.0,15.0,123877.73333333331,72.9884835447276,79471.99999999999,1192.4552662069807,55.93333333333333,0.891583218169025,28.466666666666665,0.4457916090845125,28.466666666666665,0.4457916090845125,7.333333333333333,0.12598815766974236,0.0,0.0,0.0,0.0,1.0,0.0
125000.0,8.742864452,1.761217338679276E-6,125000.0,0.9947076612903226,0.1255900188608775,0.992,0.0,0.9846887550200804,0.008064516129032258,0.0,0.0,0.1582491582491537,125000.0,1301424.0,15.0,124881.93333333333,76.9935969302253,79667.2,1153.5230144049606,56.06666666666666,0.8477795460673481,28.53333333333333,0.42388977303367403,28.53333333333333,0.42388977303367403,7.4,0.13093073414159545,0.0,0.0,0.0,0.0,1.0,0.0
126000.0,8.828643312,1.7902877948890962E-6,126000.0,0.9875465313028765,0.10568618107647984,0.985,0.0,0.9947076612903226,0.015228426395939087,0.0,0.0,-0.5710723192019997,126000.0,1310008.0,15.0,125873.59999999999,77.8139294666943,80234.66666666667,1139.7752604985094,56.46666666666666,0.8387443373830095,28.73333333333333,0.41937216869150473,28.73333333333333,0.41937216869150473,7.4,0.13093073414159545,0.0,0.0,0.0,0.0,1.0,0.0
127000.0,8.914900062,1.8197687043319358E-6,127000.0,0.9651295731707317,0.09648681084833455,0.984,0.0,0.9875465313028765,0.016260162601626018,0.0,0.0,-0.6669401148482382,127000.0,1321144.0,15.0,126862.33333333331,75.30418736644617,80972.26666666666,1125.93146821248,56.866666666666674,0.815718594490051,28.933333333333337,0.4078592972450255,28.933333333333337,0.4078592972450255,7.4,0.13093073414159545,0.0,0.0,0.0,0.0,1.0,0.0
128000.0,9.001936428,1.8496828729009965E-6,128000.0,0.990806144186568,0.13764313618326257,0.991,0.0,0.9651295731707317,0.009081735620585268,0.0,0.0,0.06188925081432716,128000.0,1328552.0,15.0,127867.39999999998,70.41271530193028,81460.26666666665,1190.5146044849944,57.533333333333324,0.9849663599122205,29.266666666666662,0.49248317995611024,29.266666666666662,0.49248317995611024,7.466666666666668,0.13333333333333336,0.0,0.0,0.0,0.0,1.0,0.0
129000.0,9.091924751,1.8810504035359854E-6,129000.0,0.9632319146980421,0.08718738638632358,0.989,0.0,0.990806144186568,0.011122345803842264,0.0,0.0,-0.1452784503631915,129000.0,1347400.0,15.0,128853.13333333333,71.22625697409386,82706.66666666664,1486.3515019340437,58.46666666666666,1.0948653610057077,29.73333333333333,0.5474326805028539,29.73333333333333,0.5474326805028539,7.466666666666668,0.13333333333333336,0.0,0.0,0.0,0.0,1.0,0.0
130000.0,9.186057456,1.9144781788300396E-6,130000.0,0.9754545454545455,0.10143941761187025,0.99,0.0,0.9632319146980421,0.010101010101010102,0.0,0.0,-0.04083266613290623,130000.0,1372680.0,15.0,129858.80000000002,73.52649020526287,84377.06666666668,1488.460935606102,59.53333333333333,1.1458690470624788,30.266666666666666,0.5729345235312394,30.266666666666666,0.5729345235312394,7.533333333333334,0.13333333333333333,0.0,0.0,0.0,0.0,1.0,0.0
131000.0,9.275602882,1.9465438165163293E-6,131000.0,0.9841414141414141,0.12154014563417435,0.99,0.0,0.9754545454545455,0.010101010101010102,0.0,0.0,-0.04050833995234019,131000.0,1384200.0,15.0,130855.26666666666,74.98409143447651,85139.2,1588.6912349478105,59.93333333333333,1.1850925889754118,30.466666666666665,0.5925462944877059,30.466666666666665,0.5925462944877059,7.533333333333334,0.13333333333333333,0.0,0.0,0.0,0.0,1.0,0.0
132000.0,9.366727234,1.979455858693053E-6,132000.0,0.9977575961430654,0.18200891664738186,0.991,0.0,0.9841414141414141,0.009081735620585268,0.0,0.0,0.0630914826498426,132000.0,1396120.0,15.0,131858.93333333335,77.33516828693381,85925.86666666668,1594.3214405737049,60.6,1.1904380946285515,30.8,0.5952190473142758,30.8,0.5952190473142758,7.533333333333334,0.13333333333333333,0.0,0.0,0.0,0.0,1.0,0.0
133000.0,9.454649624,2.0113267906721356E-6,133000.0,0.8930967919845574,0.08052303709592461,0.989,0.0,0.9977575961430654,0.011122345803842264,0.0,0.0,-0.1438623924941426,133000.0,1401192.0,15.0,132855.0,77.17167010416654,86263.46666666665,1570.605894207912,60.733333333333334,1.1850925889754118,30.866666666666667,0.5925462944877059,30.866666666666667,0.5925462944877059,7.533333333333334,0.13333333333333333,0.0,0.0,0.0,0.0,1.0,0.0
134000.0,9.544760153,2.044227000259482E-6,134000.0,0.987902057374674,0.12889757481221226,0.986,0.0,0.8930967919845574,0.014198782961460446,0.0,0.0,-0.4508894044856928,134000.0,1411320.0,15.0,133841.60000000003,79.75258168682525,86932.8,1456.0602394655177,61.13333333333333,1.0948653610057077,31.066666666666666,0.5474326805028539,31.066666666666666,0.5474326805028539,7.6000000000000005,0.13093073414159542,0.0,0.0,0.0,0.0,1.0,0.0
135000.0,9.633074692,2.076527954716929E-6,135000.0,0.9959595959595959,0.16100318584403334,0.99,0.0,0.987902057374674,0.010101010101010102,0.0,0.0,-0.03607060629317605,135000.0,1413792.0,15.0,134837.53333333333,81.01609873332741,87096.0,1457.3534264288155,61.266666666666666,1.1018022753508245,31.133333333333333,0.5509011376754123,31.133333333333333,0.5509011376754123,7.6000000000000005,0.13093073414159542,0.0,0.0,0.0,0.0,1.0,0.0
136000.0,9.722890455,2.1095681388843726E-6,136000.0,0.9799647177419355,0.1331109195958133,0.992,0.0,0.9959595959595959,0.008064516129032258,0.0,0.0,0.17009916094584435,136000.0,1421976.0,15.0,135818.06666666668,82.17359480112528,87636.26666666668,1488.1959659318636,61.8,1.1513966674062794,31.4,0.5756983337031397,31.4,0.5756983337031397,7.6000000000000005,0.13093073414159542,0.0,0.0,0.0,0.0,1.0,0.0
137000.0,9.814063206,2.1433790403620696E-6,137000.0,0.9783608027805808,0.09770401210092491,0.991,0.0,0.9799647177419355,0.009081735620585268,0.0,0.0,0.06590909090908721,137000.0,1433488.0,15.0,136825.6,78.57630807359526,88397.33333333333,1493.5690290188938,62.33333333333333,1.132492685424362,31.666666666666664,0.566246342712181,31.666666666666664,0.566246342712181,7.6000000000000005,0.13093073414159542,0.0,0.0,0.0,0.0,1.0,0.0
138000.0,9.90312424,2.176445715256201E-6,138000.0,0.9783608027805808,0.10713255319600852,0.991,0.0,0.9783608027805808,0.009081735620585268,0.0,0.0,0.06546275395034024,138000.0,1435176.0,15.0,137826.6,77.31289549307984,88508.8,1581.6962178984577,62.6,1.124616336695277,31.8,0.5623081683476385,31.8,0.5623081683476385,7.666666666666668,0.12598815766974247,0.0,0.0,0.0,0.0,1.0,0.0
139000.0,9.995205168,2.2109453940969044E-6,139000.0,0.9927462887989204,0.16241540804136914,0.988,0.0,0.9783608027805808,0.012145748987854251,0.0,0.0,-0.24384787472036082,139000.0,1448264.0,15.0,138839.06666666665,76.95715979975249,89374.40000000001,1406.311368354073,63.0,0.9952267030562385,32.0,0.49761335152811925,32.0,0.49761335152811925,7.666666666666668,0.12598815766974247,0.0,0.0,0.0,0.0,1.0,0.0
140000.0,10.085400329,2.244902993279319E-6,140000.0,0.9617171717171717,0.10071022317173751,0.99,0.0,0.9927462887989204,0.010101010101010102,0.0,0.0,-0.0362694300518093,140000.0,1455312.0,15.0,139834.7333333333,75.34830024099082,89841.6,1313.565430784619,63.13333333333334,0.9849663599122207,32.06666666666667,0.4924831799561103,32.06666666666667,0.4924831799561103,7.666666666666668,0.12598815766974247,0.0,0.0,0.0,0.0,1.0,0.0
141000.0,10.176175725,2.2791975907999566E-6,141000.0,0.9877772177419355,0.13129155835846307,0.992,0.0,0.9617171717171717,0.008064516129032258,0.0,0.0,0.1699779249448081,141000.0,1460360.0,15.0,140830.00000000003,72.60375170681395,90174.93333333332,1311.882658322134,63.4,0.9797958971132712,32.199999999999996,0.48989794855663565,32.199999999999996,0.48989794855663565,7.666666666666668,0.12598815766974247,0.0,0.0,0.0,0.0,1.0,0.0
142000.0,10.265976895,2.3132187286475837E-6,142000.0,0.9465186680121089,0.14384682949789696,0.991,0.0,0.9877772177419355,0.009081735620585268,0.0,0.0,0.06578947368420932,142000.0,1464432.0,15.0,141824.1333333333,74.34513252499553,90444.8,1312.1372285956477,63.53333333333334,0.9849663599122207,32.266666666666666,0.4924831799561101,32.266666666666666,0.4924831799561101,7.666666666666668,0.12598815766974247,0.0,0.0,0.0,0.0,1.0,0.0
143000.0,10.35607855,2.347477897402847E-6,143000.0,0.9934970288148895,0.1567408030613689,0.991,0.0,0.9465186680121089,0.009081735620585268,0.0,0.0,0.06535947712418293,143000.0,1469760.0,15.0,142820.4,77.51490179313897,90796.8,1297.0354006256694,63.8,0.9719886340703291,32.4,0.4859943170351646,32.4,0.4859943170351646,7.733333333333334,0.11818736805705583,0.0,0.0,0.0,0.0,1.0,0.0
144000.0,10.451395719,2.384142897800656E-6,144000.0,0.9305695564516129,0.13036370936440841,0.992,0.0,0.9934970288148895,0.008064516129032258,0.0,0.0,0.1682310469314028,144000.0,1486904.0,15.0,143824.06666666665,76.42503121900307,91929.6,1208.136025138765,64.73333333333333,0.8250060124841038,32.86666666666667,0.4125030062420519,32.86666666666667,0.4125030062420519,7.733333333333334,0.11818736805705583,0.0,0.0,0.0,0.0,1.0,0.0
145000.0,10.544722818,2.420293680184709E-6,145000.0,0.9834857723577236,0.12252565334466306,0.984,0.0,0.9305695564516129,0.016260162601626018,0.0,0.0,-0.6559600285510357,145000.0,1497312.0,15.0,144810.46666666665,71.52248175801549,92617.6,1073.883547823373,65.13333333333333,0.7920237290015918,33.06666666666666,0.3960118645007959,33.06666666666666,0.3960118645007959,7.733333333333334,0.11818736805705583,0.0,0.0,0.0,0.0,1.0,0.0
146000.0,10.63923733,2.4571483366401927E-6,146000.0,0.9725664406515471,0.0897212567313566,0.987,0.0,0.9834857723577236,0.013171225937183385,0.0,0.0,-0.3422913719943389,146000.0,1507288.0,15.0,145807.66666666666,66.31466595433388,93277.33333333336,1128.7823471784036,65.66666666666667,0.8655670680001345,33.333333333333336,0.4327835340000673,33.333333333333336,0.4327835340000673,7.733333333333334,0.11818736805705583,0.0,0.0,0.0,0.0,1.0,0.0
147000.0,10.730025903,2.49260648250906E-6,147000.0,0.9910804200834412,0.13469825215786713,0.993,0.0,0.9725664406515471,0.007049345417925478,0.0,0.0,0.27586206896552,147000.0,1509688.0,15.0,146789.1333333333,67.50879072681548,93436.26666666669,1139.2256997279492,65.66666666666667,0.8655670680001345,33.333333333333336,0.4327835340000673,33.333333333333336,0.4327835340000673,7.733333333333334,0.11818736805705583,0.0,0.0,0.0,0.0,1.0,0.0
148000.0,10.821071696,2.5282747531597917E-6,148000.0,0.9738134206219312,0.11850686018462374,0.987,0.0,0.9910804200834412,0.013171225937183385,0.0,0.0,-0.34170153417015986,148000.0,1514344.0,15.0,147801.73333333334,68.33025312453874,93745.06666666667,1014.3130702324818,65.8,0.7758252135015732,33.4,0.3879126067507866,33.4,0.3879126067507866,7.800000000000001,0.1447493728911492,0.0,0.0,0.0,0.0,1.0,0.0
149000.0,10.911962328,2.563944501318644E-6,149000.0,0.98046875,0.12380410339299788,0.992,0.0,0.9738134206219312,0.008064516129032258,0.0,0.0,0.173370319001389,149000.0,1516992.0,15.0,148794.46666666667,73.82913779329601,93918.93333333332,846.6695283041249,66.19999999999999,0.6704653678780205,33.599999999999994,0.33523268393901023,33.599999999999994,0.33523268393901023,7.800000000000001,0.1447493728911492,0.0,0.0,0.0,0.0,1.0,0.0
150000.0,11.003764278,2.600155427465822E-6,150000.0,0.9874245472837022,0.09328261531756545,0.994,0.0,0.98046875,0.006036217303822937,0.0,0.0,0.3784530386740299,150000.0,1524720.0,15.0,149769.6,71.54677457706163,94429.86666666667,973.8219152081567,66.46666666666668,0.7675977782708532,33.73333333333334,0.3837988891354266,33.73333333333334,0.3837988891354266,7.800000000000001,0.1447493728911492,0.0,0.0,0.0,0.0,1.0,0.0
151000.0,11.096024663,2.6367449980908033E-6,151000.0,0.9609322602280349,0.128860901580036,0.994,0.0,0.9874245472837022,0.006036217303822937,0.0,0.0,0.37689133425034327,151000.0,1533008.0,15.0,150782.86666666667,68.54549178789519,94977.6,1026.3144083378663,66.86666666666667,0.792023729001592,33.93333333333334,0.396011864500796,33.93333333333334,0.396011864500796,7.866666666666667,0.1333333333333333,0.0,0.0,0.0,0.0,1.0,0.0
152000.0,11.189201445,2.6738395468193687E-6,152000.0,0.9817629179331308,0.13860560110216597,0.987,0.0,0.9609322602280349,0.013171225937183385,0.0,0.0,-0.3469665985003473,152000.0,1538880.0,15.0,151771.73333333337,67.65187264973106,95364.8,1074.3932914728691,67.4,0.8326663997864533,34.2,0.41633319989322665,34.2,0.41633319989322665,7.866666666666667,0.1333333333333333,0.0,0.0,0.0,0.0,1.0,0.0
153000.0,11.282934508,2.711473118640346E-6,153000.0,0.9757575757575757,0.09169454088440127,0.99,0.0,0.9817629179331308,0.010101010101010102,0.0,0.0,-0.03588354773188927,153000.0,1551976.0,15.0,152776.73333333334,68.4896562691985,96230.93333333333,1127.4659638687729,67.8,0.8000000000000002,34.4,0.4000000000000001,34.4,0.4000000000000001,7.866666666666667,0.1333333333333333,0.0,0.0,0.0,0.0,1.0,0.0
154000.0,11.376409218,2.7491246461239E-6,154000.0,0.9973869346733668,0.16959854985700643,0.995,0.0,0.9757575757575757,0.005025125628140704,0.0,0.0,0.4804318488529022,154000.0,1557008.0,15.0,153792.93333333335,72.35293568050477,96562.66666666667,1040.70061870731,68.19999999999999,0.6982972487551753,34.599999999999994,0.34914862437758765,34.599999999999994,0.34914862437758765,7.866666666666667,0.1333333333333333,0.0,0.0,0.0,0.0,1.0,0.0
155000.0,11.470326984,2.7872005176815306E-6,155000.0,0.9885099733431382,0.12880642541023588,0.989,0.0,0.9973869346733668,0.011122345803842264,0.0,0.0,-0.1419959812458094,155000.0,1567128.0,15.0,154779.8,71.67334631108196,97231.46666666666,922.6177140881305,68.6,0.6531972647421806,34.8,0.3265986323710903,34.8,0.3265986323710903,7.866666666666667,0.1333333333333333,0.0,0.0,0.0,0.0,1.0,0.0
156000.0,11.56227185,2.8245903349679667E-6,156000.0,0.9963112005365526,0.1695413431251351,0.994,0.0,0.9885099733431382,0.006036217303822937,0.0,0.0,0.37558372248165284,156000.0,1571912.0,15.0,155774.93333333335,72.01325715692408,97547.73333333332,892.7334560170029,68.73333333333333,0.6434036477735064,34.86666666666667,0.3217018238867532,34.86666666666667,0.3217018238867532,7.866666666666667,0.1333333333333333,0.0,0.0,0.0,0.0,1.0,0.0
157000.0,11.653399589,2.8616478636714836E-6,157000.0,0.996993987975952,0.15900549481506282,0.998,0.0,0.9963112005365526,0.002004008016032064,0.0,0.0,0.7908061292471682,157000.0,1571912.0,15.0,156783.73333333334,69.1284151256043,97547.73333333332,892.7334560170029,68.73333333333333,0.6434036477735064,34.86666666666667,0.3217018238867532,34.86666666666667,0.3217018238867532,7.866666666666667,0.1333333333333333,0.0,0.0,0.0,0.0,1.0,0.0
158000.0,11.748070558,2.900262647073244E-6,158000.0,0.9988262910798122,0.15710084772319757,0.994,0.0,0.996993987975952,0.006036217303822937,0.0,0.0,0.37093563370935795,158000.0,1576664.0,15.0,157777.6,66.6207317939536,97860.79999999999,919.7123525475616,69.13333333333333,0.7675977782708525,35.06666666666666,0.38379888913542626,35.06666666666666,0.38379888913542626,7.866666666666667,0.1333333333333333,0.0,0.0,0.0,0.0,1.0,0.0
159000.0,11.845077501,2.9400868162446448E-6,159000.0,0.9396969696969697,0.10451162864810862,0.99,0.0,0.9988262910798122,0.010101010101010102,0.0,0.0,-0.048121292023736724,159000.0,1586888.0,15.0,158785.40000000002,66.69138589338779,98537.06666666668,1071.3128904322725,69.66666666666666,0.8203754463755437,35.33333333333333,0.41018772318777186,35.33333333333333,0.41018772318777186,7.866666666666667,0.1333333333333333,0.0,0.0,0.0,0.0,1.0,0.0
160000.0,11.942196099,2.9801441524343544E-6,160000.0,0.9812759277945958,0.15916877563269508,0.991,0.0,0.9396969696969697,0.009081735620585268,0.0,0.0,0.05635648754914494,160000.0,1594344.0,15.0,159790.3333333333,68.53165182298902,99029.86666666667,1060.465153405477,69.93333333333332,0.8250060124841029,35.46666666666666,0.41250300624205144,35.46666666666666,0.41250300624205144,7.866666666666667,0.1333333333333333,0.0,0.0,0.0,0.0,1.0,0.0
161000.0,12.03928642,3.0203983999049083E-6,161000.0,0.990357663415181,0.1410199703702876,0.991,0.0,0.9812759277945958,0.009081735620585268,0.0,0.0,0.05602605863191821,161000.0,1602648.0,15.0,160782.80000000002,70.24353554394587,99579.2,1078.461493230496,70.19999999999999,0.7999999999999999,35.599999999999994,0.39999999999999997,35.599999999999994,0.39999999999999997,7.933333333333334,0.11818736805705574,0.0,0.0,0.0,0.0,1.0,0.0
162000.0,12.135518724,3.060471972434264E-6,162000.0,0.9254032258064516,0.1277061521182924,0.992,0.0,0.990357663415181,0.008064516129032258,0.0,0.0,0.16007777057679803,162000.0,1609680.0,15.0,161780.53333333333,67.67976884646573,100044.8,1049.6083042644773,70.46666666666665,0.7675977782708531,35.73333333333333,0.38379888913542654,35.73333333333333,0.38379888913542654,7.933333333333334,0.11818736805705574,0.0,0.0,0.0,0.0,1.0,0.0
163000.0,12.231287779,3.100418638322016E-6,163000.0,0.98859825620389,0.12097061145498758,0.994,0.0,0.9254032258064516,0.006036217303822937,0.0,0.0,0.3686249193027746,163000.0,1612344.0,15.0,162770.00000000003,70.34824937747624,100220.8,1057.8200188978049,70.60000000000001,0.7855844048495727,35.800000000000004,0.39279220242478635,35.800000000000004,0.39279220242478635,7.933333333333334,0.11818736805705574,0.0,0.0,0.0,0.0,1.0,0.0
164000.0,12.326389787,3.1401805604417063E-6,164000.0,0.9807692307692307,0.13160077610131093,0.988,0.0,0.98859825620389,0.012145748987854251,0.0,0.0,-0.26073030108904915,164000.0,1616144.0,15.0,163768.86666666664,68.91650342584568,100472.53333333333,1087.3035492694612,70.73333333333335,0.8015857300000312,35.866666666666674,0.4007928650000156,35.866666666666674,0.4007928650000156,7.933333333333334,0.11818736805705574,0.0,0.0,0.0,0.0,1.0,0.0
165000.0,12.422652831,3.180553620887434E-6,165000.0,0.9951515151515151,0.14424120213408845,0.99,0.0,0.9807692307692307,0.010101010101010102,0.0,0.0,-0.05028644175684025,165000.0,1621192.0,15.0,164777.66666666666,71.72186135917927,100805.86666666667,1223.3772375669023,71.0,0.9154754164341268,36.0,0.4577377082170634,36.0,0.4577377082170634,7.933333333333334,0.11818736805705574,0.0,0.0,0.0,0.0,1.0,0.0
166000.0,12.516996043,3.220221661933613E-6,166000.0,0.9567055795569446,0.10943310607476049,0.989,0.0,0.9951515151515151,0.011122345803842264,0.0,0.0,-0.15423514538559077,166000.0,1625296.0,15.0,165777.26666666666,73.79627469412095,101077.86666666667,1276.8006365117562,71.13333333333334,0.9454989444564461,36.06666666666667,0.47274947222822306,36.06666666666667,0.47274947222822306,7.933333333333334,0.11818736805705574,0.0,0.0,0.0,0.0,1.0,0.0
167000.0,12.61336603,3.2608751225931346E-6,167000.0,0.9765656565656565,0.12045070530728696,0.99,0.0,0.9567055795569446,0.010101010101010102,0.0,0.0,-0.04899497487437537,167000.0,1630640.0,15.0,166774.06666666668,74.95258607099326,101430.93333333333,1331.4254998261458,71.4,0.9797958971132713,36.2,0.48989794855663565,36.2,0.48989794855663565,8.0,0.09759000729485327,0.0,0.0,0.0,0.0,1.0,0.0
168000.0,12.710577176,3.302024256391656E-6,168000.0,0.9931059840058829,0.1350716016119858,0.989,0.0,0.9765656565656565,0.011122345803842264,0.0,0.0,-0.1528384279475988,168000.0,1636240.0,15.0,167776.4,73.90359228333136,101800.0,1432.2651523606469,71.93333333333332,0.9333333333333328,36.46666666666666,0.4666666666666664,36.46666666666666,0.4666666666666664,8.133333333333333,0.09085135251589956,0.0,0.0,0.0,0.0,1.0,0.0
169000.0,12.810173716,3.3443344151894236E-6,169000.0,0.9845741113346748,0.11064105918874936,0.994,0.0,0.9931059840058829,0.006036217303822937,0.0,0.0,0.36979490366686973,169000.0,1642112.0,15.0,168766.06666666665,78.94021044687433,102187.73333333332,1272.5719867996868,72.33333333333333,0.8655670680001343,36.666666666666664,0.43278353400006714,36.666666666666664,0.43278353400006714,8.133333333333333,0.09085135251589956,0.0,0.0,0.0,0.0,1.0,0.0
170000.0,12.907974738,3.386092518369086E-6,170000.0,0.9918152259221886,0.11512017345272697,0.991,0.0,0.9845741113346748,0.009081735620585268,0.0,0.0,0.054388133498144045,170000.0,1650440.0,15.0,169777.26666666666,80.66919319144705,102739.73333333334,1203.171647757814,72.33333333333333,0.8655670680001343,36.666666666666664,0.43278353400006714,36.666666666666664,0.43278353400006714,8.133333333333333,0.09085135251589956,0.0,0.0,0.0,0.0,1.0,0.0
171000.0,13.007127218,3.42852369024296E-6,171000.0,0.9759595959595959,0.10863863300305784,0.99,0.0,0.9918152259221886,0.010101010101010102,0.0,0.0,-0.05036855036855653,171000.0,1654184.0,15.0,170770.3333333333,80.15453328633016,102986.13333333335,1200.995515104693,72.86666666666667,0.8611546327967474,36.93333333333334,0.4305773163983737,36.93333333333334,0.4305773163983737,8.133333333333333,0.09085135251589956,0.0,0.0,0.0,0.0,1.0,0.0
172000.0,13.113368391,3.474607342071072E-6,172000.0,0.944939792260318,0.10922738307525605,0.989,0.0,0.9759595959595959,0.011122345803842264,0.0,0.0,-0.15436241610738685,172000.0,1676704.0,15.0,171778.4,78.78426238786487,104475.73333333334,1059.9789012575259,73.66666666666667,0.7968190728895955,37.333333333333336,0.39840953644479776,37.333333333333336,0.39840953644479776,8.133333333333333,0.09085135251589956,0.0,0.0,0.0,0.0,1.0,0.0
173000.0,13.212028842,3.517539143370028E-6,173000.0,0.981707877562276,0.14795411173671197,0.989,0.0,0.944939792260318,0.011122345803842264,0.0,0.0,-0.15333333333333327,173000.0,1682048.0,15.0,172781.8,80.7094848972602,104829.33333333334,1112.768125706026,73.8,0.7999999999999999,37.4,0.39999999999999997,37.4,0.39999999999999997,8.133333333333333,0.09085135251589956,0.0,0.0,0.0,0.0,1.0,0.0
174000.0,13.309504032,3.560057663363403E-6,174000.0,0.9758771929824561,0.13869984891004355,0.988,0.0,0.981707877562276,0.012145748987854251,0.0,0.0,-0.2563176895306864,174000.0,1686112.0,15.0,173774.73333333334,79.00497070960317,105097.60000000002,1281.5726529393116,74.2,0.9113046639166237,37.6,0.45565233195831184,37.6,0.45565233195831184,8.133333333333333,0.09085135251589956,0.0,0.0,0.0,0.0,1.0,0.0
175000.0,13.407063536,3.6027423851096155E-6,175000.0,0.9796586392331074,0.13399644382149264,0.987,0.0,0.9758771929824561,0.013171225937183385,0.0,0.0,-0.35820895522388285,175000.0,1691240.0,15.0,174780.99999999997,79.75044409489806,105435.73333333332,1239.7836657166351,74.60000000000001,1.0179344164485629,37.800000000000004,0.5089672082242814,37.800000000000004,0.5089672082242814,8.133333333333333,0.09085135251589956,0.0,0.0,0.0,0.0,1.0,0.0
176000.0,13.507572905,3.646978597048132E-6,176000.0,0.9946182307433569,0.17093769978016957,0.991,0.0,0.9796586392331074,0.009081735620585268,0.0,0.0,0.05938242280285408,176000.0,1701272.0,15.0,175794.73333333334,80.9566884008071,106098.13333333335,1487.6983753009258,75.13333333333334,0.9654343540932713,38.06666666666667,0.48271717704663564,38.06666666666667,0.48271717704663564,8.133333333333333,0.09085135251589956,0.0,0.0,0.0,0.0,1.0,0.0
177000.0,13.606469754,3.6907570642111822E-6,177000.0,0.9878665318503539,0.1659955693813877,0.989,0.0,0.9946182307433569,0.011122345803842264,0.0,0.0,-0.1486725663716839,177000.0,1711120.0,15.0,176779.80000000002,81.64004619582835,106748.8,1304.535046527707,75.53333333333333,0.9251340529204489,38.266666666666666,0.46256702646022446,38.266666666666666,0.46256702646022446,8.133333333333333,0.09085135251589956,0.0,0.0,0.0,0.0,1.0,0.0
178000.0,13.704863187,3.734509600873273E-6,178000.0,0.984040404040404,0.1347505829595744,0.99,0.0,0.9878665318503539,0.010101010101010102,0.0,0.0,-0.04398826979471876,178000.0,1718856.0,15.0,177776.4,77.14160140071502,107260.26666666666,1418.0220948868541,75.80000000000001,1.0104218826571312,38.400000000000006,0.5052109413285656,38.400000000000006,0.5052109413285656,8.2,0.10690449676496973,0.0,0.0,0.0,0.0,1.0,0.0
179000.0,13.804696642,3.779196692103077E-6,179000.0,0.9421906693711968,0.08860577302990909,0.986,0.0,0.984040404040404,0.014198782961460446,0.0,0.0,-0.4578243164630616,179000.0,1730248.0,15.0,178777.00000000003,78.0494958953843,108014.93333333335,1414.3331306465404,76.2,1.0104218826571312,38.6,0.5052109413285656,38.6,0.5052109413285656,8.2,0.10690449676496973,0.0,0.0,0.0,0.0,1.0,0.0
180000.0,13.902860506,3.823286582633782E-6,180000.0,0.9867698172440856,0.11935635169229133,0.991,0.0,0.9421906693711968,0.009081735620585268,0.0,0.0,0.06250000000000433,180000.0,1736160.0,15.0,179763.6,80.35989286299672,108406.4,1365.7028220279983,76.33333333333333,0.9888264649460886,38.666666666666664,0.4944132324730443,38.666666666666664,0.4944132324730443,8.2,0.10690449676496973,0.0,0.0,0.0,0.0,1.0,0.0
181000.0,14.004481115,3.8692682932190245E-6,181000.0,0.9726443768996961,0.11803970304213088,0.987,0.0,0.9867698172440856,0.013171225937183385,0.0,0.0,-0.3515221137277381,181000.0,1749064.0,15.0,180765.6,84.14685575428939,109259.2,1490.7799531022101,77.13333333333333,1.1946972785193695,39.06666666666666,0.5973486392596847,39.06666666666666,0.5973486392596847,8.266666666666667,0.11818736805705579,0.0,0.0,0.0,0.0,1.0,0.0
182000.0,14.104501576,3.914803139171987E-6,182000.0,0.9371227364185111,0.06865501388165024,0.994,0.0,0.9726443768996961,0.006036217303822937,0.0,0.0,0.3749284487693149,182000.0,1759776.0,15.0,181768.13333333333,87.08730521814682,109968.0,1686.6451796109227,77.4,1.2679191802394378,39.2,0.6339595901197189,39.2,0.6339595901197189,8.333333333333334,0.12598815766974245,0.0,0.0,0.0,0.0,1.0,0.0
183000.0,14.201886358,3.95915238818067E-6,183000.0,0.9951515151515151,0.15920072350227846,0.99,0.0,0.9371227364185111,0.010101010101010102,0.0,0.0,-0.04154809334092611,183000.0,1760344.0,15.0,182767.06666666662,91.26838844944639,110005.86666666667,1687.1034345084345,77.4,1.2679191802394378,39.2,0.6339595901197189,39.2,0.6339595901197189,8.333333333333334,0.12598815766974245,0.0,0.0,0.0,0.0,1.0,0.0
184000.0,14.301967664,4.004889750886868E-6,184000.0,0.9402721774193549,0.12989603010873554,0.992,0.0,0.9951515151515151,0.008064516129032258,0.0,0.0,0.16600566572238165,184000.0,1766528.0,15.0,183769.2,90.0341310942947,110414.4,1792.1990025557723,77.8,1.391128353257921,39.4,0.6955641766289605,39.4,0.6955641766289605,8.333333333333334,0.12598815766974245,0.0,0.0,0.0,0.0,1.0,0.0
185000.0,14.40310375,4.0513959074191606E-6,185000.0,0.9929292929292929,0.12778585557451844,0.99,0.0,0.9402721774193549,0.010101010101010102,0.0,0.0,-0.04225352112676611,185000.0,1777488.0,15.0,184746.3333333333,83.67617096462955,111138.66666666666,1891.2816784661104,78.33333333333334,1.469261773384905,39.66666666666667,0.7346308866924525,39.66666666666667,0.7346308866924525,8.4,0.13093073414159542,0.0,0.0,0.0,0.0,1.0,0.0
186000.0,14.506056451,4.0989990633011835E-6,186000.0,0.9760228034875922,0.15653441193303236,0.994,0.0,0.9929292929292929,0.006036217303822937,0.0,0.0,0.3733857383492397,186000.0,1787312.0,15.0,185734.66666666672,83.91910314711052,111787.2,1901.8894745314024,78.86666666666667,1.4271739196136528,39.93333333333334,0.7135869598068264,39.93333333333334,0.7135869598068264,8.4,0.13093073414159542,0.0,0.0,0.0,0.0,1.0,0.0
187000.0,14.60911077,4.146855022146445E-6,187000.0,0.9900733707380233,0.13957300765788486,0.993,0.0,0.9760228034875922,0.007049345417925478,0.0,0.0,0.26789709172259846,187000.0,1795032.0,15.0,186732.53333333333,82.84350517213974,112297.06666666667,1996.5214498428359,79.26666666666667,1.5351955565417055,40.13333333333333,0.7675977782708527,40.13333333333333,0.7675977782708527,8.4,0.13093073414159542,0.0,0.0,0.0,0.0,1.0,0.0
188000.0,14.711547563,4.194722506007978E-6,188000.0,0.966877094536669,0.16059135822126014,0.987,0.0,0.9900733707380233,0.013171225937183385,0.0,0.0,-0.35702387562465976,188000.0,1806288.0,15.0,187739.86666666664,83.32894464634234,113041.59999999999,2031.3982161016468,79.66666666666667,1.545089507860819,40.333333333333336,0.7725447539304094,40.333333333333336,0.7725447539304094,8.466666666666665,0.13333333333333325,0.0,0.0,0.0,0.0,1.0,0.0
189000.0,14.815167255,4.243341541292522E-6,189000.0,0.9884180531298833,0.14508588401644643,0.989,0.0,0.966877094536669,0.011122345803842264,0.0,0.0,-0.14735099337748428,189000.0,1813704.0,15.0,188746.73333333334,81.5139758199061,113530.13333333333,1915.125632747457,80.33333333333334,1.557368557983891,40.66666666666667,0.7786842789919455,40.66666666666667,0.7786842789919455,8.466666666666665,0.13333333333333325,0.0,0.0,0.0,0.0,1.0,0.0
190000.0,14.916595752,4.291109203704358E-6,190000.0,0.9728781856441431,0.12064664219711319,0.987,0.0,0.9884180531298833,0.013171225937183385,0.0,0.0,-0.35342465753424124,190000.0,1820440.0,15.0,189743.66666666666,81.26392432577653,113976.00000000001,2020.8701567582689,80.59999999999998,1.5760106356904844,40.79999999999999,0.7880053178452422,40.79999999999999,0.7880053178452422,8.466666666666665,0.13333333333333325,0.0,0.0,0.0,0.0,1.0,0.0
191000.0,15.018927779,4.339593166263925E-6,191000.0,0.9848790322580645,0.08160278683939753,0.992,0.0,0.9728781856441431,0.008064516129032258,0.0,0.0,0.16639388979814723,191000.0,1831424.0,15.0,190738.8,80.41619121497759,114702.93333333335,1975.4210629313977,80.86666666666667,1.4795966846429298,40.93333333333334,0.7397983423214649,40.93333333333334,0.7397983423214649,8.466666666666665,0.13333333333333325,0.0,0.0,0.0,0.0,1.0,0.0
192000.0,15.119785551,4.3874704842788255E-6,192000.0,0.9455276381909548,0.11300439036627674,0.995,0.0,0.9848790322580645,0.005025125628140704,0.0,0.0,0.47769314472252633,192000.0,1834944.0,15.0,191736.53333333333,82.3387235559628,114936.0,1938.6770943585411,81.0,1.4474937289114918,41.0,0.7237468644557459,41.0,0.7237468644557459,8.466666666666665,0.13333333333333325,0.0,0.0,0.0,0.0,1.0,0.0
193000.0,15.225019622,4.4378111664868256E-6,193000.0,0.8562814070351759,0.09572592876063929,0.995,0.0,0.9455276381909548,0.005025125628140704,0.0,0.0,0.47639717851329355,193000.0,1849120.0,15.0,192735.19999999998,82.50265219402391,115871.99999999999,1827.3913334899798,81.93333333333334,1.3782897154381355,41.46666666666667,0.6891448577190677,41.46666666666667,0.6891448577190677,8.533333333333335,0.13333333333333344,0.0,0.0,0.0,0.0,1.0,0.0
194000.0,15.330602923,4.488726004326742E-6,194000.0,0.9942036290322581,0.16900762511761566,0.992,0.0,0.8562814070351759,0.008064516129032258,0.0,0.0,0.16153430578065694,194000.0,1864024.0,15.0,193736.3333333333,80.45446311374543,116857.06666666667,1892.8491184975176,82.46666666666667,1.4002267390086935,41.733333333333334,0.7001133695043468,41.733333333333334,0.7001133695043468,8.533333333333335,0.13333333333333344,0.0,0.0,0.0,0.0,1.0,0.0
195000.0,15.436561269,4.540129145377714E-6,195000.0,0.9876767676767677,0.12310744123230008,0.99,0.0,0.9942036290322581,0.010101010101010102,0.0,0.0,-0.04782375067168664,195000.0,1875240.0,15.0,194735.4,79.34930611512885,117597.86666666665,1850.9740598286971,83.13333333333334,1.4137645344010288,42.06666666666667,0.7068822672005144,42.06666666666667,0.7068822672005144,8.600000000000001,0.1309307341415955,0.0,0.0,0.0,0.0,1.0,0.0
196000.0,15.539924392,4.590423662859794E-6,196000.0,0.9700811359026369,0.08611049304857489,0.986,0.0,0.9876767676767677,0.014198782961460446,0.0,0.0,-0.46346666666666103,196000.0,1880864.0,15.0,195731.46666666665,76.96739363223814,117970.13333333333,1879.1723352042047,83.26666666666668,1.4056575030472447,42.13333333333334,0.7028287515236223,42.13333333333334,0.7028287515236223,8.600000000000001,0.1309307341415955,0.0,0.0,0.0,0.0,1.0,0.0
197000.0,15.642670342,4.640563961928868E-6,197000.0,0.860451733563516,0.04098352345879942,0.993,0.0,0.9700811359026369,0.007049345417925478,0.0,0.0,0.2672688629117974,197000.0,1886360.0,15.0,196715.53333333333,77.31474735605326,118334.93333333333,1836.4923695708803,83.39999999999999,1.382888626166603,42.199999999999996,0.6914443130833015,42.199999999999996,0.6914443130833015,8.600000000000001,0.1309307341415955,0.0,0.0,0.0,0.0,1.0,0.0
198000.0,15.74510215,4.690588269707942E-6,198000.0,0.9610258295799247,0.11817011192070863,0.989,0.0,0.860451733563516,0.011122345803842264,0.0,0.0,-0.1505546751188616,198000.0,1887768.0,15.0,197706.53333333333,77.9252307491074,118428.26666666666,1825.0175719093163,83.53333333333333,1.3727506854649334,42.266666666666666,0.6863753427324667,42.266666666666666,0.6863753427324667,8.600000000000001,0.1309307341415955,0.0,0.0,0.0,0.0,1.0,0.0
199000.0,15.848320397,4.741098331919878E-6,199000.0,0.9850079203439692,0.13532519829984285,0.982,0.0,0.9610258295799247,0.018329938900203666,0.0,0.0,-0.8744113029827372,199000.0,1891576.0,15.0,198705.26666666666,79.50007287607907,118681.06666666667,1807.2579794939197,83.53333333333333,1.3727506854649334,42.266666666666666,0.6863753427324667,42.266666666666666,0.6863753427324667,8.600000000000001,0.1309307341415955,0.0,0.0,0.0,0.0,1.0,0.0
200000.0,15.951517337,4.791661827023645E-6,200000.0,0.9942036290322581,0.16722261256474039,0.992,0.0,0.9850079203439692,0.008064516129032258,0.0,0.0,0.16623241271495673,200000.0,1893968.0,15.0,199702.26666666666,77.59887497139033,118838.93333333333,1827.2136879925406,83.66666666666667,1.3893015260046073,42.333333333333336,0.6946507630023037,42.333333333333336,0.6946507630023037,8.666666666666668,0.1259881576697425,0.0,0.0,0.0,0.0,1.0,0.0
