learning evaluation instances,evaluation time (cpu seconds),model cost (RAM-Hours),classified instances,AUC,sAUC,Accuracy,Kappa,Periodical holdout AUC,Pos/Neg ratio,G-Mean,Recall,KappaM,model training instances,model serialized size (bytes),tree size (nodes),tree size (leaves),active learning leaves,tree depth,active leaf byte size estimate,inactive leaf byte size estimate,byte size estimate overhead
1000.0,0.187380101,1.4271147790882322E-10,1000.0,0.9868751275862483,0.8978432395398208,0.966,0.9318760143461099,0.0,1.053388090349076,0.9651329864929357,0.9883040935672515,0.9300411522633745,1000.0,2944.0,1.0,1.0,1.0,0.0,0.0,0.0,1.0
2000.0,0.225302993,1.715941177142991E-10,2000.0,0.9954677099334357,0.9163200279570523,0.978,0.9560126683515148,0.9868751275862483,0.9841269841269841,0.9779310846625167,1.0,0.9545923632610939,2000.0,2944.0,1.0,1.0,1.0,0.0,0.0,0.0,1.0
3000.0,0.248604595,1.8934096511867312E-10,3000.0,0.996135860890992,0.9220959541129509,0.979,0.957988909071995,0.9954677099334357,1.012072434607646,0.978698361405277,0.9980119284294234,0.9569965870307167,3000.0,2944.0,1.0,1.0,1.0,0.0,0.0,0.0,1.0
4000.0,0.292458944,2.8591089425815476E-10,4000.0,0.9833624060150375,0.9133097726396803,0.971,0.9419651791074645,0.996135860890992,0.9047619047619048,0.9717204338202214,0.9894736842105263,0.9401135776974703,4000.0,8512.0,5.0,3.0,3.0,2.0,0.0,0.0,1.0
5000.0,0.316444358,3.4051527930630576E-10,5000.0,0.99526,0.937452134848957,0.98,0.96,0.9833624060150375,1.0,0.9798693790500854,0.996,0.9592668024439918,5000.0,8800.0,5.0,3.0,3.0,2.0,0.0,0.0,1.0
6000.0,0.336949987,3.871977031148142E-10,6000.0,0.991317186768513,0.9414508734028874,0.985,0.9700043193780096,0.99526,0.9646365422396856,0.985146916292552,0.9979633401221996,0.9694397283531409,6000.0,8800.0,5.0,3.0,3.0,2.0,0.0,0.0,1.0
7000.0,0.354196769,4.2646114568743437E-10,7000.0,0.998211420500242,0.9376681429580901,0.983,0.9660097891807159,0.991317186768513,0.9646365422396856,0.9831587759776776,1.0,0.9653767820773931,7000.0,8800.0,5.0,3.0,3.0,2.0,0.0,0.0,1.0
8000.0,0.370415253,4.6338359969357644E-10,8000.0,0.9956034979819335,0.9299891494777778,0.979,0.9579057087876843,0.998211420500242,1.0661157024793388,0.9781716533708494,0.998062015503876,0.9571647118816929,8000.0,8800.0,5.0,3.0,3.0,2.0,0.0,0.0,1.0
9000.0,0.386736295,5.005395337856478E-10,9000.0,0.9990319845117522,0.9437325221088638,0.987,0.9740018718652257,0.9956034979819335,0.9920318725099602,0.9869830728889826,0.9979919678714859,0.9735413839891451,9000.0,8800.0,5.0,3.0,3.0,2.0,0.0,0.0,1.0
10000.0,0.415159545,6.040713944286108E-10,10000.0,0.9881588158815882,0.9181924761502542,0.973,0.945976229540998,0.9990319845117522,1.02020202020202,0.9726739481763383,0.9900990099009901,0.945054945054945,10000.0,14080.0,9.0,5.0,5.0,4.0,0.0,0.0,1.0
11000.0,0.436280036,6.954275704630548E-10,11000.0,0.9955438432201186,0.9320717179609764,0.977,0.9540161863024215,0.9881588158815882,0.9569471624266145,0.9772319127977314,0.9959100204498977,0.9532088034029961,11000.0,16720.0,11.0,6.0,6.0,4.0,0.0,0.0,1.0
12000.0,0.454663481,7.875381056860918E-10,12000.0,0.9938491181265747,0.934165450061486,0.98,0.9599665320207693,0.9955438432201186,0.9267822736030829,0.9802487039426082,0.9875259875259875,0.9592391304347826,12000.0,19368.0,13.0,7.0,7.0,4.0,0.0,0.0,1.0
13000.0,0.468106878,8.548964540743167E-10,13000.0,0.9964576705673744,0.932364818365221,0.98,0.9599437610405008,0.9938491181265747,0.8975332068311196,0.9806141123668268,0.9936575052854123,0.9591259235969187,13000.0,19368.0,13.0,7.0,7.0,4.0,0.0,0.0,1.0
14000.0,0.482000452,9.255168189853432E-10,14000.0,0.9942351698644605,0.9217569031473224,0.976,0.9519746426112987,0.9964576705673744,1.0242914979757085,0.9756685286444374,0.9920948616600791,0.950905902980713,14000.0,19648.0,13.0,7.0,7.0,4.0,0.0,0.0,1.0
15000.0,0.496124042,9.973063441034823E-10,15000.0,0.9960239363829821,0.9370071580762204,0.982,0.9639953914101005,0.9942351698644605,1.0080321285140563,0.9818428714650771,0.9960159362549801,0.9632002180727818,15000.0,19648.0,13.0,7.0,7.0,4.0,0.0,0.0,1.0
16000.0,0.513215317,1.0958532947674396E-9,16000.0,0.9892638282212516,0.9038264717110939,0.971,0.9420097423632829,0.9960239363829821,0.9920318725099602,0.9708218579746125,0.9939759036144579,0.9406345957011258,16000.0,22288.0,15.0,8.0,8.0,5.0,0.0,0.0,1.0
17000.0,0.533291939,1.2375827043503525E-9,17000.0,0.979311917247669,0.9088786981591914,0.975,0.9499967997951868,0.9892638282212516,1.0040080160320641,0.9748537333155192,0.9900199600798403,0.9487828392383707,17000.0,27288.0,19.0,10.0,10.0,6.0,0.0,0.0,1.0
18000.0,0.547171863,1.3355669884383682E-9,18000.0,0.9838427737507217,0.9354709204360367,0.985,0.9698872578935535,0.979311917247669,1.1008403361344539,0.9841175717148756,1.0,0.9692272623660816,18000.0,27288.0,19.0,10.0,10.0,6.0,0.0,0.0,1.0
19000.0,0.561086476,1.434804078617858E-9,19000.0,0.9842377302331535,0.9263908828580635,0.977,0.9540143475235726,0.9838427737507217,0.9762845849802372,0.9770452727048771,0.9959514170040485,0.9528434228984568,19000.0,27568.0,19.0,10.0,10.0,6.0,0.0,0.0,1.0
20000.0,0.575157538,1.5351569413683486E-9,20000.0,0.9984687598959399,0.9495151672240896,0.984,0.9679734820431317,0.9842377302331535,0.9120458891013384,0.9845217127285699,0.9979035639412998,0.967159277504105,20000.0,27568.0,19.0,10.0,10.0,6.0,0.0,0.0,1.0
21000.0,0.58935536,1.636413838859234E-9,21000.0,0.9977796213156354,0.9497683407759997,0.986,0.9714295043427154,0.9984687598959399,1.2935779816513762,0.9838139601860103,1.0,0.9712385051848953,21000.0,27568.0,19.0,10.0,10.0,6.0,0.0,0.0,1.0
22000.0,0.603370412,1.7363672460574248E-9,22000.0,0.9987719950879803,0.9478039664904844,0.983,0.9660013599456021,0.9977796213156354,0.9960079840319361,0.9829607646531267,0.9939879759519038,0.9651217010165065,22000.0,27568.0,19.0,10.0,10.0,6.0,0.0,0.0,1.0
23000.0,0.62231564,1.900183084205621E-9,23000.0,0.9841551199932703,0.9219404178346202,0.974,0.9478692560942844,0.9987719950879803,1.079002079002079,0.9733139056340727,0.9884393063583815,0.9466309683177152,23000.0,33424.0,23.0,12.0,12.0,8.0,0.0,0.0,1.0
24000.0,0.636329987,2.021362517881725E-9,24000.0,0.9846900806606491,0.93628792082284,0.98,0.9599769467213114,0.9841551199932703,1.032520325203252,0.9797804612547536,0.9901574803149606,0.9589533093894305,24000.0,33424.0,23.0,12.0,12.0,8.0,0.0,0.0,1.0
25000.0,0.650020547,2.1397422260128795E-9,25000.0,0.9959418546365915,0.9539387499962851,0.989,0.97794265089232,0.9846900806606491,1.105263157894737,0.9889210849611316,0.9904761904761905,0.9773904464359122,25000.0,33424.0,23.0,12.0,12.0,8.0,0.0,0.0,1.0
26000.0,0.663521025,2.256478330691656E-9,26000.0,0.9917428109647789,0.9528319454818285,0.987,0.9739881385911976,0.9959418546365915,1.0242914979757085,0.9867543820659302,1.0,0.9732954096547365,26000.0,33424.0,23.0,12.0,12.0,8.0,0.0,0.0,1.0
27000.0,0.676956876,2.3726556178058193E-9,27000.0,0.9851850962788706,0.948066711759478,0.986,0.9719835263134723,0.9917428109647789,1.028397565922921,0.9856989571248815,1.0,0.9712700463631526,27000.0,33424.0,23.0,12.0,12.0,8.0,0.0,0.0,1.0
28000.0,0.690383408,2.488752325272395E-9,28000.0,0.9907634088581669,0.9530722044075801,0.988,0.975995391115094,0.9851850962788706,1.0161290322580645,0.9879020502203106,0.996031746031746,0.9753900241705119,28000.0,33424.0,23.0,12.0,12.0,8.0,0.0,0.0,1.0
29000.0,0.704073895,2.607131402186222E-9,29000.0,0.9821937435963115,0.9436441164577121,0.983,0.9659558788189493,0.9907634088581669,1.0491803278688525,0.9825090465941493,0.998046875,0.9651343705799151,29000.0,33424.0,23.0,12.0,12.0,8.0,0.0,0.0,1.0
30000.0,0.720050284,2.757377971899179E-9,30000.0,0.9882639530558123,0.9396821023329807,0.981,0.9619984799391975,0.9821937435963115,1.0040080160320641,0.9809402881803744,0.9900199600798403,0.961038961038961,30000.0,36352.0,25.0,13.0,13.0,9.0,0.0,0.0,1.0
31000.0,0.736575856,2.9244519005881423E-9,31000.0,0.984018401840184,0.9423891087429486,0.979,0.9580083983203359,0.9882639530558123,0.9801980198019802,0.9790361848190895,0.9939393939393939,0.9569444444444444,31000.0,39080.0,27.0,14.0,14.0,10.0,0.0,0.0,1.0
32000.0,0.750298858,3.0639018095450276E-9,32000.0,0.9931393014853472,0.9534651200369388,0.985,0.9699386748967894,0.984018401840184,0.8867924528301887,0.9856538177343461,0.997872340425532,0.9692110327132777,32000.0,39280.0,27.0,14.0,14.0,10.0,0.0,0.0,1.0
33000.0,0.764003036,3.2031604334546466E-9,33000.0,0.9884383351202574,0.9449399962662955,0.984,0.9680046073365434,0.9931393014853472,0.9762845849802372,0.9840708556525023,0.9959514170040485,0.9671723451877642,33000.0,39280.0,27.0,14.0,14.0,10.0,0.0,0.0,1.0
34000.0,0.77768066,3.342149221880569E-9,34000.0,0.9913621794871795,0.9620038432025807,0.989,0.9779770961800273,0.9884383351202574,0.9230769230769231,0.9892410001664187,0.9958333333333333,0.9774195495985026,34000.0,39280.0,27.0,14.0,14.0,10.0,0.0,0.0,1.0
35000.0,0.791324732,3.4807970627976795E-9,35000.0,0.9949939975990396,0.9637831194785275,0.993,0.985990473521995,0.9913621794871795,1.0408163265306123,0.992831448793946,1.0,0.9856607749034297,35000.0,39280.0,27.0,14.0,14.0,10.0,0.0,0.0,1.0
36000.0,0.805003325,3.619795697973007E-9,36000.0,0.9874557426424646,0.9454720030356198,0.982,0.9639896290131558,0.9949939975990396,0.9305019305019305,0.9823903285465905,0.995850622406639,0.9631336405529953,36000.0,39280.0,27.0,14.0,14.0,10.0,0.0,0.0,1.0
37000.0,0.818771302,3.759702632269926E-9,37000.0,0.9945973851344051,0.9533502603588992,0.986,0.9719963035120636,0.9874557426424646,0.9569471624266145,0.9861392780977191,0.9938650306748467,0.9713273552529613,37000.0,39280.0,27.0,14.0,14.0,10.0,0.0,0.0,1.0
38000.0,0.834162441,3.917154924341788E-9,38000.0,0.9925724050440413,0.9506786928508331,0.985,0.9699973597676596,0.9945973851344051,0.9569471624266145,0.9851526452562955,0.9938650306748467,0.9692772058427208,38000.0,39544.0,29.0,15.0,15.0,11.0,0.0,0.0,1.0
39000.0,0.850932196,4.112102912623021E-9,39000.0,0.99586,0.9626530415662183,0.989,0.978,0.9925724050440413,1.0,0.9889954499389773,0.986,0.9774661203907974,39000.0,44936.0,31.0,16.0,16.0,12.0,0.0,0.0,1.0
40000.0,0.867083566,4.312096460730665E-9,40000.0,0.9928016600994768,0.9602292018360404,0.988,0.9757579675479991,0.99586,1.2123893805309736,0.987487116626602,0.9927007299270073,0.9753745126205623,40000.0,47864.0,33.0,17.0,17.0,12.0,0.0,0.0,1.0
41000.0,0.881523419,4.490897233397182E-9,41000.0,0.9947399193467649,0.9646762133883441,0.99,0.9799659421015726,0.9928016600994768,1.0703933747412009,0.9896808906484472,0.9980657640232108,0.9794743429286608,41000.0,47864.0,33.0,17.0,17.0,12.0,0.0,0.0,1.0
42000.0,0.895397149,4.663405844513326E-9,42000.0,0.9909288882483868,0.9640397435743502,0.989,0.9779765670673597,0.9947399193467649,1.0576131687242798,0.9888369906601252,0.9941634241245136,0.9774204584331166,42000.0,48064.0,33.0,17.0,17.0,12.0,0.0,0.0,1.0
43000.0,0.909132555,4.834194508569521E-9,43000.0,0.9927852785278528,0.9545135586788758,0.986,0.9719994399887998,0.9909288882483868,0.9801980198019802,0.9860310470378569,0.98989898989899,0.9712813662818434,43000.0,48064.0,33.0,17.0,17.0,12.0,0.0,0.0,1.0
44000.0,0.923062104,5.007397183802806E-9,44000.0,0.9940050984676584,0.9677764011923476,0.992,0.9839950704817083,0.9927852785278528,0.9569471624266145,0.9920767917447659,0.9959100204498977,0.9835950971710864,44000.0,48064.0,33.0,17.0,17.0,12.0,0.0,0.0,1.0
45000.0,0.936992306,5.180607978562927E-9,45000.0,0.9958999835999344,0.9630211196628495,0.987,0.9739993759850236,0.9940050984676584,1.0040080160320641,0.9869771509490916,0.9920159680638723,0.9733533752391363,45000.0,48064.0,33.0,17.0,17.0,12.0,0.0,0.0,1.0
46000.0,0.955120865,5.430671909790899E-9,46000.0,0.9907932692307693,0.9621420873644314,0.988,0.9759538313562038,0.9958999835999344,1.0833333333333333,0.9878103212506086,0.9923076923076923,0.9753780275659039,46000.0,53320.0,37.0,19.0,19.0,14.0,0.0,0.0,1.0
47000.0,0.971079498,5.663718029302027E-9,47000.0,0.993915123777824,0.9609253102238149,0.99,0.9799990399539178,0.9907932692307693,0.9762845849802372,0.990038961611589,0.9939271255060729,0.979502834714348,47000.0,56448.0,39.0,20.0,20.0,14.0,0.0,0.0,1.0
48000.0,0.985799765,5.879441747977915E-9,48000.0,0.994085905374486,0.9588972608397784,0.986,0.9720026877419767,0.993915123777824,0.9920318725099602,0.9859571764457423,1.0,0.9712992226872811,48000.0,56648.0,39.0,20.0,20.0,14.0,0.0,0.0,1.0
49000.0,0.999760986,6.08404174004164E-9,49000.0,0.995195079761676,0.9603550550770452,0.987,0.9739583333333333,0.994085905374486,1.0661157024793388,0.9866533578135983,0.9961240310077519,0.9733316587122164,49000.0,56648.0,39.0,20.0,20.0,14.0,0.0,0.0,1.0
50000.0,1.014276819,6.2975205546410546E-9,50000.0,0.9944421052631579,0.9604278889766917,0.987,0.9739112984146097,0.995195079761676,1.105263157894737,0.9864688550608237,0.9961904761904762,0.9733169129720853,50000.0,56848.0,39.0,20.0,20.0,14.0,0.0,0.0,1.0
51000.0,1.029725665,6.524720835259391E-9,51000.0,0.9954724504011144,0.965570204420359,0.987,0.973992717961029,0.9944421052631579,0.9455252918287937,0.9872041655597725,0.9958847736625515,0.9733252866626433,51000.0,56848.0,39.0,20.0,20.0,14.0,0.0,0.0,1.0
52000.0,1.044645154,6.744136064557565E-9,52000.0,0.99551531765498,0.9685630584724672,0.993,0.9859641805888628,0.9954724504011144,1.0920502092050208,0.9926508190373717,1.0,0.9856336582863007,52000.0,56848.0,39.0,20.0,20.0,14.0,0.0,0.0,1.0
53000.0,1.05956241,6.963518453977174E-9,53000.0,0.9933664211120858,0.9618660983899804,0.99,0.9799832660103847,0.99551531765498,0.9267822736030829,0.9902605765745416,0.997920997920998,0.9794963054663623,53000.0,56848.0,39.0,20.0,20.0,14.0,0.0,0.0,1.0
54000.0,1.075014334,7.190764001566502E-9,54000.0,0.996815987263949,0.9618654915477555,0.989,0.9779996479943679,0.9933664211120858,1.0040080160320641,0.9889893388705712,0.9920159680638723,0.9774555943525125,54000.0,56848.0,39.0,20.0,20.0,14.0,0.0,0.0,1.0
55000.0,1.09406198,7.470890459964671E-9,55000.0,0.9922294823522821,0.9490505639455518,0.981,0.9619698801450749,0.996815987263949,1.0366598778004072,0.9806689525811635,0.9941060903732809,0.9610641231044376,55000.0,56848.0,39.0,20.0,20.0,14.0,0.0,0.0,1.0
56000.0,1.112806939,7.759794400170858E-9,56000.0,0.9905716586151369,0.9476497721673354,0.98,0.959819993571199,0.9922294823522821,0.8518518518518519,0.9807815083645075,0.991304347826087,0.9590028917603133,56000.0,59576.0,41.0,21.0,21.0,15.0,0.0,0.0,1.0
57000.0,1.128920518,8.008142580816314E-9,57000.0,0.999372,0.9714038348244247,0.993,0.986,0.9905716586151369,1.0,0.9929753269845127,1.0,0.985655737704918,57000.0,59576.0,41.0,21.0,21.0,15.0,0.0,0.0,1.0
58000.0,1.144912824,8.265907997964983E-9,58000.0,0.9927499639301688,0.9558589517777926,0.984,0.9679492315828272,0.999372,0.9157088122605364,0.9841397645474206,0.9874476987447699,0.9671968893601979,58000.0,62304.0,43.0,22.0,22.0,16.0,0.0,0.0,1.0
59000.0,1.158897171,8.49130895252443E-9,59000.0,0.9991241849496406,0.971805104029831,0.992,0.9839257369044988,0.9927499639301688,1.1413276231263383,0.991829172067546,0.9943714821763602,0.9836008616496421,59000.0,62304.0,43.0,22.0,22.0,16.0,0.0,0.0,1.0
60000.0,1.172861759,8.717113959536784E-9,60000.0,0.9960342734909209,0.9602310266504819,0.986,0.9719765724145385,0.9991241849496406,0.9267822736030829,0.9862558388354392,0.9937629937629938,0.9713212700580403,60000.0,62504.0,43.0,22.0,22.0,16.0,0.0,0.0,1.0
61000.0,1.186926306,8.944535286536233E-9,61000.0,0.999195739419572,0.9680941471312843,0.991,0.9819987039066813,0.9960342734909209,0.9646365422396856,0.9910995198039612,0.9979633401221996,0.9815635704211162,61000.0,62504.0,43.0,22.0,22.0,16.0,0.0,0.0,1.0
62000.0,1.201000892,9.172118942454043E-9,62000.0,0.9976103846200032,0.9528528654240234,0.983,0.9659646031873148,0.999195739419572,1.053388090349076,0.982778162441353,0.9902534113060428,0.9651880965749579,62000.0,62504.0,43.0,22.0,22.0,16.0,0.0,0.0,1.0
63000.0,1.214620706,9.392349012670004E-9,63000.0,0.9977915671471609,0.9731148173596947,0.992,0.9839995519874556,0.9976103846200032,0.9723865877712031,0.9920649685422597,0.9979716024340771,0.9836129535700351,63000.0,62504.0,43.0,22.0,22.0,16.0,0.0,0.0,1.0
64000.0,1.22800094,9.608705115134104E-9,64000.0,0.996771816273891,0.9639153282829147,0.989,0.9779571486970671,0.9977915671471609,1.0746887966804979,0.9886165394175666,0.9980694980694981,0.9774604597553948,64000.0,62504.0,43.0,22.0,22.0,16.0,0.0,0.0,1.0
65000.0,1.241350817,9.82457035008404E-9,65000.0,0.996230175404896,0.961546001747623,0.987,0.9739977117986383,0.996771816273891,0.9569471624266145,0.9871533033302524,0.9959100204498977,0.9733682120457625,65000.0,62504.0,43.0,22.0,22.0,16.0,0.0,0.0,1.0
66000.0,1.254583211,1.0038535904954705E-8,66000.0,0.9989890520758532,0.9649583819923768,0.988,0.9759558549496876,0.996230175404896,0.8975332068311196,0.9884619863703529,0.9978858350951374,0.9754052543320291,66000.0,62504.0,43.0,22.0,22.0,16.0,0.0,0.0,1.0
67000.0,1.267823543,1.0252629815931949E-8,67000.0,0.9973037303730373,0.9655784011008546,0.987,0.9739947989597919,0.9989890520758532,1.02020202020202,0.9869353596565552,0.9920792079207921,0.9733712433886698,67000.0,62504.0,43.0,22.0,22.0,16.0,0.0,0.0,1.0
68000.0,1.281068292,1.0466795149046099E-8,68000.0,0.9993549679487179,0.9651724112722286,0.987,0.9739770998478661,0.9973037303730373,0.9230769230769231,0.9873032098626684,0.9958333333333333,0.9733598529367447,68000.0,62504.0,43.0,22.0,22.0,16.0,0.0,0.0,1.0
69000.0,1.294815358,1.0689082862405727E-8,69000.0,0.9978518625192012,0.9686760097762794,0.99,0.9799980798156623,0.9993549679487179,1.0161290322580645,0.9899811735656072,0.9920634920634921,0.9795148888163168,69000.0,62504.0,43.0,22.0,22.0,16.0,0.0,0.0,1.0
70000.0,1.310187392,1.0947699270916895E-8,70000.0,0.9961196119611961,0.965685639607535,0.988,0.9759956792222599,0.9978518625192012,1.02020202020202,0.9879502034821674,0.9920792079207921,0.9754220674722767,70000.0,65032.0,45.0,23.0,23.0,17.0,0.0,0.0,1.0
71000.0,1.323574076,1.1172914498644983E-8,71000.0,0.9991438321911095,0.9628700909572278,0.99,0.9799971996079451,0.9961196119611961,0.9723865877712031,0.9900242971914224,0.9918864097363083,0.9795034642032332,71000.0,65032.0,45.0,23.0,23.0,17.0,0.0,0.0,1.0
72000.0,1.336982277,1.139918546685121E-8,72000.0,0.9984608831235634,0.9619322319138932,0.988,0.9759082586489352,0.9991438321911095,0.8726591760299626,0.9883404276297225,0.9935622317596566,0.9753888224235173,72000.0,65232.0,45.0,23.0,23.0,17.0,0.0,0.0,1.0
73000.0,1.35020447,1.162398669325643E-8,73000.0,0.9950509759515578,0.9394468503032356,0.973,0.9457848743815459,0.9984608831235634,0.8832391713747646,0.9728298688538269,0.9701492537313433,0.9445959241040056,73000.0,65720.0,45.0,23.0,23.0,17.0,0.0,0.0,1.0
74000.0,1.368969274,1.1955876976168816E-8,74000.0,0.9959190872378728,0.9403492084165558,0.98,0.9594162432428045,0.9950509759515578,0.7921146953405018,0.9792359259908697,0.9728506787330317,0.9589082933059389,74000.0,68368.0,47.0,24.0,24.0,17.0,0.0,0.0,1.0
75000.0,1.389992117,1.2328792582189456E-8,75000.0,0.9955456116327596,0.9385779788272955,0.978,0.9551210914550557,0.9959190872378728,0.7605633802816901,0.9770051976492747,0.9699074074074074,0.9547312683475541,75000.0,68568.0,47.0,24.0,24.0,17.0,0.0,0.0,1.0
76000.0,1.405418145,1.2604727235347444E-8,76000.0,0.9916306082967937,0.9186429303893912,0.973,0.944133615837913,0.9955456116327596,0.7035775127768313,0.9704393328019533,0.9564164648910412,0.9443329173674786,76000.0,69144.0,47.0,24.0,24.0,17.0,0.0,0.0,1.0
77000.0,1.420765889,1.2891554157843604E-8,77000.0,0.9876744607576582,0.8980784842102374,0.958,0.9111400728651402,0.9916306082967937,0.6313213703099511,0.9536558898771865,0.9354005167958657,0.9131788772852961,77000.0,72240.0,49.0,25.0,25.0,17.0,0.0,0.0,1.0
78000.0,1.436507873,1.319734722347102E-8,78000.0,0.9903931943147629,0.9073754476836351,0.967,0.9312843578210894,0.9876744607576582,0.680672268907563,0.9638598614711811,0.9481481481481482,0.9316407287406384,78000.0,75088.0,51.0,26.0,26.0,17.0,0.0,0.0,1.0
79000.0,1.454278054,1.356776786945967E-8,79000.0,0.9885043464131936,0.9029615295315392,0.966,0.9270727427941434,0.9903931943147629,0.594896331738437,0.9618988458360753,0.9463806970509383,0.9293659768059536,79000.0,80576.0,55.0,28.0,28.0,17.0,0.0,0.0,1.0
80000.0,1.47056741,1.392036737107775E-8,80000.0,0.98664817886516,0.8868026479235931,0.961,0.9149184962825927,0.9885043464131936,0.5723270440251572,0.9524241471993242,0.9230769230769231,0.9187309525670079,80000.0,83672.0,57.0,29.0,29.0,17.0,0.0,0.0,1.0
81000.0,1.48481307,1.4228729016327606E-8,81000.0,0.9953676141474629,0.9177425927794921,0.974,0.9432990365197821,0.98664817886516,0.5600624024960998,0.969807415565247,0.9554317548746518,0.9456516129032257,81000.0,83672.0,57.0,29.0,29.0,17.0,0.0,0.0,1.0
82000.0,1.499918645,1.4555610599279815E-8,82000.0,0.9899363024069336,0.8890286882169033,0.963,0.9187548856859283,0.9953676141474629,0.557632398753894,0.9547170841863535,0.9273743016759777,0.9224199652245064,82000.0,83648.0,59.0,30.0,30.0,17.0,0.0,0.0,1.0
83000.0,1.514782672,1.4887201476573113E-8,83000.0,0.9931741924412593,0.8962140870729938,0.968,0.9275240869167387,0.9899363024069336,0.4947683109118087,0.9622009093293107,0.945619335347432,0.9326554932934404,83000.0,86232.0,59.0,30.0,30.0,17.0,0.0,0.0,1.0
84000.0,1.528882561,1.5201745749349807E-8,84000.0,0.9927097874980612,0.8922387336575545,0.965,0.9175197481288765,0.9931741924412593,0.443001443001443,0.9573148001307336,0.9381107491856677,0.9260302923564635,84000.0,86232.0,59.0,30.0,30.0,17.0,0.0,0.0,1.0
85000.0,1.543352481,1.5524544777309313E-8,85000.0,0.9918941762774178,0.8663945115327627,0.956,0.897522370400734,0.9927097874980612,0.46412884333821375,0.9444873174118694,0.9148264984227129,0.9066470309262911,85000.0,86232.0,59.0,30.0,30.0,17.0,0.0,0.0,1.0
86000.0,1.557585246,1.584308425252429E-8,86000.0,0.9917969888295289,0.8812466069397912,0.963,0.9100588263892264,0.9918941762774178,0.4084507042253521,0.9543540466882854,0.9344827586206896,0.9211458875424379,86000.0,86512.0,59.0,30.0,30.0,17.0,0.0,0.0,1.0
87000.0,1.571772035,1.6160594751928E-8,87000.0,0.990078769316999,0.8663931323924561,0.964,0.9095150004021555,0.9917969888295289,0.3812154696132597,0.9523855278249335,0.927536231884058,0.9229122055674518,87000.0,86512.0,59.0,30.0,30.0,17.0,0.0,0.0,1.0
88000.0,1.585782201,1.6474152302081798E-8,88000.0,0.9936851531620553,0.8887121802773932,0.967,0.9157974239114902,0.990078769316999,0.358695652173913,0.9617285334586425,0.9507575757575758,0.9289854009243635,88000.0,86512.0,59.0,30.0,30.0,17.0,0.0,0.0,1.0
89000.0,1.599792383,1.6787710210327057E-8,89000.0,0.9938805469570429,0.8815807287247545,0.971,0.919931969783982,0.9936851531620553,0.3140604467805519,0.9576613310337072,0.9330543933054394,0.93725080229505,89000.0,86512.0,59.0,30.0,30.0,17.0,0.0,0.0,1.0
90000.0,1.613936148,1.7104989602218068E-8,90000.0,0.9907564784707853,0.8778309765083938,0.965,0.8947254439578419,0.9938805469570429,0.2562814070351759,0.9578901051489261,0.946078431372549,0.9237952390168376,90000.0,86712.0,59.0,30.0,30.0,17.0,0.0,0.0,1.0
91000.0,1.62816604,1.7424201034282642E-8,91000.0,0.9912171052631579,0.8704474070314374,0.961,0.894446248782072,0.9907564784707853,0.3157894736842105,0.9528351047490354,0.9375,0.9146382528381758,91000.0,86712.0,59.0,30.0,30.0,17.0,0.0,0.0,1.0
92000.0,1.642481213,1.774532552866265E-8,92000.0,0.9914726741760534,0.8739682191937058,0.964,0.9004617468963418,0.9912171052631579,0.30718954248366015,0.952654767241839,0.9319148936170213,0.9207863959245174,92000.0,86712.0,59.0,30.0,30.0,17.0,0.0,0.0,1.0
93000.0,1.656522822,1.8060313310536243E-8,93000.0,0.9925942032692947,0.883269254973842,0.967,0.8978745528143296,0.9914726741760534,0.24069478908188585,0.9638592136114895,0.9587628865979382,0.9269372693726936,93000.0,86712.0,59.0,30.0,30.0,17.0,0.0,0.0,1.0
94000.0,1.670799107,1.8380565451551227E-8,94000.0,0.9885199588817563,0.818569982570674,0.955,0.8394118906573406,0.9925942032692947,0.20048019207683074,0.9214461343371121,0.874251497005988,0.8996964810774921,94000.0,86712.0,59.0,30.0,30.0,17.0,0.0,0.0,1.0
95000.0,1.685006857,1.8699280184165885E-8,95000.0,0.9908212362284371,0.8709808622518415,0.961,0.8720757836178279,0.9885199588817563,0.21654501216545013,0.9542129903239512,0.9438202247191011,0.9125147579693034,95000.0,86712.0,59.0,30.0,30.0,17.0,0.0,0.0,1.0
96000.0,1.699190871,1.9018489896073523E-8,96000.0,0.9891183035714286,0.8746079346024586,0.968,0.8844598497978047,0.9908212362284371,0.19047619047619047,0.9554823015479819,0.9375,0.9277346506704305,96000.0,86992.0,59.0,30.0,30.0,17.0,0.0,0.0,1.0
97000.0,1.713395442,1.933816224105863E-8,97000.0,0.9938143043237466,0.887917171430143,0.971,0.8895995127150905,0.9891183035714286,0.17785630153121318,0.9554463017621552,0.9337748344370861,0.9340615550502801,97000.0,86992.0,59.0,30.0,30.0,17.0,0.0,0.0,1.0
98000.0,1.730885807,1.9753898102603854E-8,98000.0,0.9886958443854995,0.8646361808996155,0.968,0.8638761272758209,0.9938143043237466,0.14942528735632185,0.9485434876749774,0.9230769230769231,0.9267135612628823,98000.0,91880.0,63.0,32.0,32.0,18.0,0.0,0.0,1.0
99000.0,1.745180362,2.0094706851802766E-8,99000.0,0.9791012886425853,0.8369590049485542,0.97,0.8548129506847989,0.9886958443854995,0.13507377979568672,0.9189640320317172,0.8571428571428571,0.9307853647168491,99000.0,92160.0,63.0,32.0,32.0,18.0,0.0,0.0,1.0
100000.0,1.759349141,2.043398305678533E-8,100000.0,0.9827471111988643,0.8228396053604834,0.962,0.829848206689652,0.9791012886425853,0.13765642775881684,0.9349763849217891,0.9008264462809917,0.9116915711928609,100000.0,92560.0,63.0,32.0,32.0,18.0,0.0,0.0,1.0
101000.0,1.773541285,2.077381874459485E-8,101000.0,0.9944095958628615,0.8707872504285663,0.972,0.8473215843657301,0.9827471111988643,0.1013215859030837,0.9650073710609038,0.9565217391304348,0.934420147021311,101000.0,92560.0,63.0,32.0,32.0,18.0,0.0,0.0,1.0
102000.0,1.787459163,2.1107087040278643E-8,102000.0,0.9935946139884344,0.8636981481120248,0.97,0.8504188272836058,0.9944095958628615,0.1185682326621924,0.9496194217346565,0.9245283018867925,0.9292141849221587,102000.0,92560.0,63.0,32.0,32.0,18.0,0.0,0.0,1.0
103000.0,1.803986077,2.1502829585348563E-8,103000.0,0.9801465129481637,0.822425726565106,0.96,0.7974888618874035,0.9935946139884344,0.11358574610244988,0.9291639042394652,0.8921568627450981,0.904917957120768,103000.0,92560.0,63.0,32.0,32.0,18.0,0.0,0.0,1.0
104000.0,1.820917446,2.1908256942178635E-8,104000.0,0.9945085682318959,0.8738434100598222,0.977,0.8761176343854357,0.9801465129481637,0.10741971207087486,0.96413046640783,0.9484536082474226,0.9449203278990512,104000.0,92560.0,63.0,32.0,32.0,18.0,0.0,0.0,1.0
105000.0,1.837214794,2.22985024517402E-8,105000.0,0.9912359550561798,0.846900703242065,0.976,0.8812116412591565,0.9945085682318959,0.12359550561797752,0.9542550265894307,0.9272727272727272,0.9421195277688456,105000.0,92560.0,63.0,32.0,32.0,18.0,0.0,0.0,1.0
106000.0,1.851183964,2.2632998951710755E-8,106000.0,0.9866848753840901,0.787997298511864,0.957,0.7796724805804347,0.9912359550561798,0.11234705228031146,0.9177210461972991,0.8712871287128713,0.8955521437246499,106000.0,92560.0,63.0,32.0,32.0,18.0,0.0,0.0,1.0
107000.0,1.86690607,2.3019752282164986E-8,107000.0,0.9803684598378777,0.8035237269151013,0.973,0.8668507742380904,0.9866848753840901,0.12994350282485875,0.9302472050168497,0.8782608695652174,0.9339717511541802,107000.0,95088.0,65.0,33.0,33.0,18.0,0.0,0.0,1.0
108000.0,1.880834585,2.3362384469260767E-8,108000.0,0.994685629552662,0.8724392803447691,0.974,0.8650906487064268,0.9803684598378777,0.11482720178372352,0.9506954301061701,0.9223300970873787,0.9359737328134619,108000.0,95088.0,65.0,33.0,33.0,18.0,0.0,0.0,1.0
109000.0,1.894595816,2.3700901581433908E-8,109000.0,0.9912205591898711,0.8074478069249472,0.972,0.8401662271237911,0.994685629552662,0.10741971207087486,0.917825637005231,0.8556701030927835,0.9305637712153615,109000.0,95088.0,65.0,33.0,33.0,18.0,0.0,0.0,1.0
110000.0,1.908322026,2.4038557200344897E-8,110000.0,0.9914742657749346,0.8369923933505522,0.968,0.8238564430010457,0.9912205591898711,0.10497237569060773,0.9343373765596696,0.8947368421052632,0.9200889918045811,110000.0,95088.0,65.0,33.0,33.0,18.0,0.0,0.0,1.0
111000.0,1.921965925,2.4374893960793397E-8,111000.0,0.9887223427570788,0.8299270345923045,0.964,0.8147824207937601,0.9914742657749346,0.11234705228031146,0.9353782888810004,0.900990099009901,0.9094903737259342,111000.0,95288.0,65.0,33.0,33.0,18.0,0.0,0.0,1.0
112000.0,1.940002184,2.4819507111526196E-8,112000.0,0.9915403032721468,0.8397233772270498,0.971,0.8501137068430844,0.9887223427570788,0.11731843575418995,0.9366073386059461,0.8952380952380953,0.9266071630324256,112000.0,95288.0,65.0,33.0,33.0,18.0,0.0,0.0,1.0
113000.0,1.953875932,2.5161509896624416E-8,113000.0,0.9923830250272034,0.8427354205411723,0.975,0.8418682319603277,0.9915403032721468,0.088139281828074,0.9464071010647273,0.9135802469135802,0.9362820281486828,113000.0,95288.0,65.0,33.0,33.0,18.0,0.0,0.0,1.0
114000.0,1.971852233,2.5605575114662444E-8,114000.0,0.9878618640641601,0.7937427368426987,0.956,0.8016356046056604,0.9923830250272034,0.13765642775881684,0.916584073875689,0.8677685950413223,0.8871718739456103,114000.0,95488.0,65.0,33.0,33.0,18.0,0.0,0.0,1.0
115000.0,1.987706207,2.600689226901779E-8,115000.0,0.9857459613557175,0.8158402383218397,0.957,0.7761209571610053,0.9878618640641601,0.10864745011086474,0.9205385840221553,0.8775510204081632,0.8890135787229266,115000.0,97848.0,67.0,34.0,34.0,18.0,0.0,0.0,1.0
116000.0,2.009644441,2.6575616442416273E-8,116000.0,0.9967079958369157,0.8953426673963353,0.98,0.8927268826432094,0.9857459613557175,0.10864745011086474,0.9706540727411135,0.9591836734693877,0.9480438044476295,116000.0,100208.0,69.0,35.0,35.0,18.0,0.0,0.0,1.0
117000.0,2.031889969,2.7152306868984463E-8,117000.0,0.9917026944408053,0.855786200871412,0.969,0.8411331816411454,0.9967079958369157,0.11358574610244988,0.9476101395809008,0.9215686274509803,0.9189587755558037,117000.0,100208.0,69.0,35.0,35.0,18.0,0.0,0.0,1.0
118000.0,2.046338585,2.7517900193122523E-8,118000.0,0.9906529017857143,0.7928278141656541,0.967,0.8280461878360914,0.9917026944408053,0.11607142857142858,0.9249155366842964,0.875,0.9131946766535143,118000.0,97808.0,71.0,36.0,36.0,18.0,0.0,0.0,1.0
119000.0,2.061867272,2.793174456019575E-8,119000.0,0.9731429320057644,0.7877667466830036,0.966,0.8206372652458322,0.9906529017857143,0.11358574610244988,0.9231165681736044,0.8725490196078431,0.9100108983341118,119000.0,103016.0,71.0,36.0,36.0,18.0,0.0,0.0,1.0
120000.0,2.075798877,2.8304035344813015E-8,120000.0,0.9888787990896759,0.8563944157967834,0.973,0.8570097021565054,0.9731429320057644,0.10987791342952276,0.9532391595745321,0.9292929292929293,0.9280958721704393,120000.0,103296.0,71.0,36.0,36.0,18.0,0.0,0.0,1.0
121000.0,2.089774433,2.8677500620974845E-8,121000.0,0.9838549789044838,0.8311639685471401,0.966,0.809551549914298,0.9888787990896759,0.1001100110011001,0.9361176224432891,0.9010989010989011,0.9088835241744369,121000.0,103296.0,71.0,36.0,36.0,18.0,0.0,0.0,1.0
122000.0,2.105360426,2.910435565313945E-8,122000.0,0.9935245025698438,0.8061865150659846,0.973,0.832659840840915,0.9838549789044838,0.09409190371991247,0.9256492989244128,0.872093023255814,0.9271835002321108,122000.0,105864.0,73.0,37.0,37.0,18.0,0.0,0.0,1.0
123000.0,2.119442347,2.949001852629706E-8,123000.0,0.9933894230769231,0.8202145601865938,0.971,0.8450523616157296,0.9935245025698438,0.11607142857142858,0.9224408651644151,0.8653846153846154,0.921329481043647,123000.0,105864.0,73.0,37.0,37.0,18.0,0.0,0.0,1.0
124000.0,2.133535769,2.987599637840564E-8,124000.0,0.9923718657817109,0.8478726411146019,0.967,0.8253228879949182,0.9933894230769231,0.10619469026548672,0.9489043324558026,0.9270833333333334,0.9099412373176045,124000.0,105864.0,73.0,37.0,37.0,18.0,0.0,0.0,1.0
125000.0,2.147304482,3.025308139509211E-8,125000.0,0.9921710400306455,0.834066015154705,0.971,0.8367852318775324,0.9923718657817109,0.1013215859030837,0.9444187810181763,0.9130434782608695,0.9203804168771551,125000.0,105864.0,73.0,37.0,37.0,18.0,0.0,0.0,1.0
126000.0,2.163566682,3.06895031839071E-8,126000.0,0.9807115505447476,0.7863222161180101,0.973,0.8391784999523489,0.9921710400306455,0.10253583241455347,0.9150339067700278,0.8494623655913979,0.9254307132523781,126000.0,103736.0,75.0,38.0,38.0,18.0,0.0,0.0,1.0
127000.0,2.179478522,3.1127159298405875E-8,127000.0,0.9942345674783939,0.8546942886553073,0.977,0.8739283913262732,0.9807115505447476,0.10741971207087486,0.9546701034054997,0.9278350515463918,0.9361097136857761,127000.0,106320.0,75.0,38.0,38.0,18.0,0.0,0.0,1.0
128000.0,2.194216371,3.1541614177876874E-8,128000.0,0.9889263651639889,0.7942194268669339,0.969,0.8188871491668807,0.9942345674783939,0.1001100110011001,0.9219469060151186,0.8681318681318682,0.9133813577821436,128000.0,108704.0,75.0,38.0,38.0,18.0,0.0,0.0,1.0
129000.0,2.208091415,3.193180542550567E-8,129000.0,0.9909623231700058,0.8250819228667667,0.965,0.8206084959816302,0.9889263651639889,0.11482720178372352,0.9323655140714524,0.8932038834951457,0.9016618386949229,129000.0,108704.0,75.0,38.0,38.0,18.0,0.0,0.0,1.0
130000.0,2.229069098,3.252173568461918E-8,130000.0,0.9931638780828643,0.8232732922477266,0.971,0.825612161447058,0.9909623231700058,0.09529025191675794,0.9309344604599137,0.8850574712643678,0.9180434782608695,130000.0,108704.0,75.0,38.0,38.0,18.0,0.0,0.0,1.0
131000.0,2.246351849,3.300775779562278E-8,131000.0,0.9916304347826087,0.8377188611188925,0.967,0.797744545231674,0.9931638780828643,0.08695652173913043,0.9416538411336404,0.9125,0.9061848958333333,131000.0,108704.0,75.0,38.0,38.0,18.0,0.0,0.0,1.0
132000.0,2.260076993,3.339373358505053E-8,132000.0,0.9917797046703297,0.8205980577079086,0.969,0.8371232819133284,0.9916304347826087,0.11607142857142858,0.9259707743768159,0.875,0.9113978867140134,132000.0,108704.0,75.0,38.0,38.0,18.0,0.0,0.0,1.0
133000.0,2.273711655,3.377716485754069E-8,133000.0,0.99414737962224,0.8346985060468106,0.977,0.8801459093277748,0.9917797046703297,0.11731843575418995,0.9486748854629075,0.9142857142857143,0.9339151850331612,133000.0,108704.0,75.0,38.0,38.0,18.0,0.0,0.0,1.0
134000.0,2.287259955,3.4159148862291534E-8,134000.0,0.9808134892677657,0.8124684682629785,0.972,0.8430915448758179,0.99414737962224,0.10375275938189846,0.9408995203414149,0.9042553191489362,0.9191082939870211,134000.0,108984.0,75.0,38.0,38.0,18.0,0.0,0.0,1.0
135000.0,2.300811695,3.454122985522365E-8,135000.0,0.989779196594839,0.8478831171568726,0.977,0.8801459093277748,0.9808134892677657,0.11731843575418995,0.9486748854629075,0.9142857142857143,0.9332085699535363,135000.0,108984.0,75.0,38.0,38.0,18.0,0.0,0.0,1.0
136000.0,2.314409773,3.492461731279061E-8,136000.0,0.988731045490822,0.8151159046757839,0.964,0.816185856522849,0.989779196594839,0.11731843575418995,0.9239447220629811,0.8761904761904762,0.894919837743867,136000.0,108984.0,75.0,38.0,38.0,18.0,0.0,0.0,1.0
137000.0,2.333800025,3.548314910901089E-8,137000.0,0.989533911925426,0.8013780010517736,0.967,0.8016111578694239,0.988731045490822,0.09289617486338798,0.9274554316126313,0.8823529411764706,0.9031449505120184,137000.0,111344.0,77.0,39.0,39.0,18.0,0.0,0.0,1.0
138000.0,2.35564546,3.611240189282016E-8,138000.0,0.9972837388230401,0.8857905807453313,0.984,0.9013612152298283,0.989533911925426,0.09170305676855896,0.9749874033448959,0.9642857142857143,0.9527821735597279,138000.0,111344.0,77.0,39.0,39.0,18.0,0.0,0.0,1.0
139000.0,2.371758381,3.65776980741798E-8,139000.0,0.9752491160398585,0.8066267463096485,0.96,0.7653821338494925,0.9972837388230401,0.09289617486338798,0.9181480388691855,0.8705882352941177,0.8813157726215125,139000.0,111624.0,77.0,39.0,39.0,18.0,0.0,0.0,1.0
140000.0,2.385555645,3.697612454523435E-8,140000.0,0.9958762217099069,0.8428857764800219,0.978,0.8809407842755246,0.9752491160398585,0.11482720178372352,0.9392818723091029,0.8932038834951457,0.9343982960596379,140000.0,111624.0,77.0,39.0,39.0,18.0,0.0,0.0,1.0
141000.0,2.399330069,3.7373891460843796E-8,141000.0,0.9944148260979944,0.84859861561075,0.975,0.8593197830148331,0.9958762217099069,0.1001100110011001,0.9613852801738355,0.945054945054945,0.9250653685083224,141000.0,111624.0,77.0,39.0,39.0,18.0,0.0,0.0,1.0
142000.0,2.413139533,3.777267023384364E-8,142000.0,0.9947718462140342,0.8420889392499658,0.976,0.86302464414944,0.9944148260979944,0.10253583241455347,0.9475523151666052,0.9139784946236559,0.9276955064284804,142000.0,111624.0,77.0,39.0,39.0,18.0,0.0,0.0,1.0
143000.0,2.42707569,3.8175107547036476E-8,143000.0,0.9901940449852508,0.8325153962948282,0.966,0.8192566130815683,0.9947718462140342,0.10619469026548672,0.9435583500144578,0.9166666666666666,0.8970569553250052,143000.0,111624.0,77.0,39.0,39.0,18.0,0.0,0.0,1.0
144000.0,2.440941094,3.8575501711087095E-8,144000.0,0.9946595295945929,0.8354062748535882,0.969,0.8223373527119341,0.9901940449852508,0.09769484083424808,0.9418783200564841,0.9101123595505618,0.9056615735750966,144000.0,111624.0,77.0,39.0,39.0,18.0,0.0,0.0,1.0
145000.0,2.454837437,3.897678930709552E-8,145000.0,0.9903119626627365,0.8231500816347082,0.968,0.8474083257832243,0.9946595295945929,0.12994350282485875,0.9356342484213388,0.8956521739130435,0.9021798709786228,145000.0,111624.0,77.0,39.0,39.0,18.0,0.0,0.0,1.0
146000.0,2.46858949,3.9373910210670696E-8,146000.0,0.9948167067307693,0.8534513685635919,0.981,0.9009962899662344,0.9903119626627365,0.11607142857142858,0.9636575207550099,0.9423076923076923,0.9416466826538769,146000.0,111624.0,77.0,39.0,39.0,18.0,0.0,0.0,1.0
147000.0,2.482563765,3.97774482653021E-8,147000.0,0.9901792620993509,0.7767997446520982,0.969,0.8254465190657445,0.9948167067307693,0.10987791342952276,0.9079792303824251,0.8383838383838383,0.9043390641728067,147000.0,111624.0,77.0,39.0,39.0,18.0,0.0,0.0,1.0
148000.0,2.496431293,4.0177903764543846E-8,148000.0,0.9925109733472103,0.8092986845798482,0.972,0.8471815919311879,0.9901792620993509,0.10864745011086474,0.9381043762856942,0.8979591836734694,0.9131873887084947,148000.0,111624.0,77.0,39.0,39.0,18.0,0.0,0.0,1.0
149000.0,2.510241069,4.057669154723278E-8,149000.0,0.9952368863259953,0.8609178461511829,0.974,0.8530159986432244,0.9925109733472103,0.1001100110011001,0.955779487311751,0.9340659340659341,0.9189980345418809,149000.0,111624.0,77.0,39.0,39.0,18.0,0.0,0.0,1.0
150000.0,2.524170315,4.097892929003677E-8,150000.0,0.9822823677253382,0.7885062985329147,0.961,0.7824680395350391,0.9952368863259953,0.10253583241455347,0.9140876259058368,0.8602150537634409,0.8779189882927438,150000.0,111624.0,77.0,39.0,39.0,18.0,0.0,0.0,1.0
151000.0,2.538105949,4.138135150044949E-8,151000.0,0.9901825221238938,0.8086971149306614,0.967,0.822282538451596,0.9822823677253382,0.10619469026548672,0.9392498418880493,0.90625,0.8962199312714776,151000.0,111624.0,77.0,39.0,39.0,18.0,0.0,0.0,1.0
152000.0,2.553721595,4.1842952783887995E-8,152000.0,0.9864325618515563,0.8260834119996044,0.969,0.8410745411668202,0.9901825221238938,0.11731843575418995,0.9355387617165392,0.8952380952380953,0.9020781379883623,152000.0,114264.0,79.0,40.0,40.0,18.0,0.0,0.0,1.0
153000.0,2.567667678,4.225520148699896E-8,153000.0,0.9915896739130434,0.8221905563931793,0.973,0.827409869598568,0.9864325618515563,0.08695652173913043,0.9388360045706923,0.9,0.9142946058091286,153000.0,114264.0,79.0,40.0,40.0,18.0,0.0,0.0,1.0
154000.0,2.581637674,4.266815706265883E-8,154000.0,0.9892730096146434,0.7846938804663928,0.972,0.847156566263087,0.9915896739130434,0.11234705228031146,0.9256076510450679,0.8712871287128713,0.9107264859940787,154000.0,114264.0,79.0,40.0,40.0,18.0,0.0,0.0,1.0
155000.0,2.595507383,4.307814813669564E-8,155000.0,0.9925845638736264,0.8282611636526632,0.976,0.8723078232740272,0.9892730096146434,0.11607142857142858,0.9387525972659817,0.8942307692307693,0.9231484350790207,155000.0,114264.0,79.0,40.0,40.0,18.0,0.0,0.0,1.0
156000.0,2.609466865,4.349183297909589E-8,156000.0,0.9822693667630987,0.8015226691426423,0.968,0.8046994202014035,0.9925845638736264,0.09289617486338798,0.922283861778576,0.8705882352941177,0.8970509383378015,156000.0,114552.0,79.0,40.0,40.0,18.0,0.0,0.0,1.0
157000.0,2.623512018,4.3908056654536885E-8,157000.0,0.988014754944543,0.7500534003177003,0.963,0.7682981814538347,0.9822693667630987,0.09529025191675794,0.8812482948853619,0.7931034482758621,0.8804166580892191,157000.0,114552.0,79.0,40.0,40.0,18.0,0.0,0.0,1.0
158000.0,2.637327149,4.431746370062024E-8,158000.0,0.9863205110140435,0.7921221029803914,0.97,0.8271650458588743,0.988014754944543,0.10375275938189846,0.9195288597644409,0.8617021276595744,0.9026114113126913,158000.0,114552.0,79.0,40.0,40.0,18.0,0.0,0.0,1.0
159000.0,2.651188744,4.472925177394722E-8,159000.0,0.9876244469026548,0.8380023693137002,0.969,0.8315876396192792,0.9863205110140435,0.10619469026548672,0.9403165655048473,0.90625,0.8989275534685339,159000.0,114832.0,79.0,40.0,40.0,18.0,0.0,0.0,1.0
160000.0,2.664942192,4.5137827111310834E-8,160000.0,0.9931328878990349,0.7901417203121615,0.976,0.8642718183052072,0.9876244469026548,0.11358574610244988,0.914125817308223,0.8431372549019608,0.9214225787308927,160000.0,114832.0,79.0,40.0,40.0,18.0,0.0,0.0,1.0
161000.0,2.678636887,4.554465706622227E-8,161000.0,0.9924512939808083,0.8073365617995475,0.974,0.8502045284323326,0.9931328878990349,0.10497237569060773,0.9274527770611262,0.8736842105263158,0.9145086185769136,161000.0,114832.0,79.0,40.0,40.0,18.0,0.0,0.0,1.0
162000.0,2.69251167,4.5956836917054726E-8,162000.0,0.9902977507374632,0.7806358576073145,0.965,0.8047136544212826,0.9924512939808083,0.10619469026548672,0.9134135423837494,0.8541666666666666,0.8844272319608641,162000.0,114832.0,79.0,40.0,40.0,18.0,0.0,0.0,1.0
163000.0,2.706306962,4.6366655319169565E-8,163000.0,0.987001705895281,0.7814660286118168,0.959,0.7914589733677847,0.9902977507374632,0.11982082866741321,0.9047186117513725,0.8411214953271028,0.8640754977932352,163000.0,114832.0,79.0,40.0,40.0,18.0,0.0,0.0,1.0
164000.0,2.720049818,4.677491599871258E-8,164000.0,0.9941103182693397,0.8310210632343871,0.976,0.8783985083550356,0.987001705895281,0.122334455667789,0.9455081855003235,0.908256880733945,0.9201233866385258,164000.0,114832.0,79.0,40.0,40.0,18.0,0.0,0.0,1.0
165000.0,2.733752795,4.71819919879962E-8,165000.0,0.9871446351369055,0.8132169893590013,0.971,0.8476538695917122,0.9941103182693397,0.11358574610244988,0.9396153370010398,0.9019607843137255,0.9030944955243225,165000.0,114832.0,79.0,40.0,40.0,18.0,0.0,0.0,1.0
166000.0,2.747449953,4.758889511154549E-8,166000.0,0.9911351934894536,0.7907773164574332,0.97,0.8442949676133531,0.9871446351369055,0.1210762331838565,0.9201252866317461,0.8611111111111112,0.8993654771046355,166000.0,114832.0,79.0,40.0,40.0,18.0,0.0,0.0,1.0
167000.0,2.761200206,4.799737553465903E-8,167000.0,0.9926484144542773,0.827602692446513,0.974,0.8542731593579049,0.9911351934894536,0.10619469026548672,0.9380713598155498,0.8958333333333334,0.9124278972207656,167000.0,114832.0,79.0,40.0,40.0,18.0,0.0,0.0,1.0
168000.0,2.776679116,4.8467813044287664E-8,168000.0,0.9888815117466803,0.7880449935741697,0.969,0.8410419444159571,0.9926484144542773,0.12359550561797752,0.9165931502386166,0.8545454545454545,0.8951943974885292,168000.0,117480.0,81.0,41.0,41.0,18.0,0.0,0.0,1.0
169000.0,2.790481956,4.888731116627445E-8,169000.0,0.9909741203838325,0.8013814347407039,0.972,0.8401735258861805,0.9888815117466803,0.10497237569060773,0.926411280071102,0.8736842105263158,0.9049551087633317,169000.0,117480.0,81.0,41.0,41.0,18.0,0.0,0.0,1.0
170000.0,2.804295225,4.930712624809807E-8,170000.0,0.9924087033462033,0.8191066608987022,0.973,0.8658318425760285,0.9909741203838325,0.12612612612612611,0.9368965239155798,0.8928571428571429,0.9080141886610953,170000.0,117480.0,81.0,41.0,41.0,18.0,0.0,0.0,1.0
171000.0,2.819655986,4.978338300719235E-8,171000.0,0.9870543762721722,0.758735905327782,0.964,0.7925908855216913,0.9924087033462033,0.10497237569060773,0.8965573392249788,0.8210526315789474,0.876865223826859,171000.0,119848.0,83.0,42.0,42.0,18.0,0.0,0.0,1.0
172000.0,2.833565279,5.0216652417158076E-8,172000.0,0.9746728577458843,0.8207338347099469,0.971,0.8489016714601307,0.9870543762721722,0.11482720178372352,0.9400996659332702,0.9029126213592233,0.9004331596702396,172000.0,120408.0,83.0,42.0,42.0,18.0,0.0,0.0,1.0
173000.0,2.847624211,5.0654583027462154E-8,173000.0,0.9908727136449909,0.7974425908404792,0.971,0.8289368127978858,0.9746728577458843,0.1001100110011001,0.9229822201044026,0.8681318681318682,0.900035865147047,173000.0,120408.0,83.0,42.0,42.0,18.0,0.0,0.0,1.0
174000.0,2.861517175,5.108734379502633E-8,174000.0,0.9935751731024425,0.820896013086042,0.968,0.8027491832583366,0.9908727136449909,0.09051254089422028,0.926508128166245,0.8795180722891566,0.8892403174792622,174000.0,120408.0,83.0,42.0,42.0,18.0,0.0,0.0,1.0
175000.0,2.875455746,5.1521525204026435E-8,175000.0,0.992574463943043,0.797427053032661,0.969,0.8558059054458853,0.9935751731024425,0.1402508551881414,0.9246836302631349,0.8699186991869918,0.8923482954319958,175000.0,120408.0,83.0,42.0,42.0,18.0,0.0,0.0,1.0
176000.0,2.889322015,5.1953454432065274E-8,176000.0,0.9911739813807279,0.7742115154088766,0.97,0.7984927255873933,0.992574463943043,0.088139281828074,0.8952738880943545,0.8148148148148148,0.8953937592867756,176000.0,120408.0,83.0,42.0,42.0,18.0,0.0,0.0,1.0
177000.0,2.903199852,5.238574399909003E-8,177000.0,0.9829000737463127,0.803104907719209,0.959,0.7791995174701648,0.9911739813807279,0.10619469026548672,0.9153164499449483,0.8645833333333334,0.8564987838879989,177000.0,120408.0,83.0,42.0,42.0,18.0,0.0,0.0,1.0
178000.0,2.917165072,5.282075551473223E-8,178000.0,0.9880779296307066,0.7827328772495521,0.966,0.8041136141038197,0.9829000737463127,0.10497237569060773,0.9027952456662349,0.8315789473684211,0.8805510598823667,178000.0,120408.0,83.0,42.0,42.0,18.0,0.0,0.0,1.0
179000.0,2.93113198,5.325581961095952E-8,179000.0,0.9933075680160706,0.8549893613266661,0.975,0.8708277358685541,0.9880779296307066,0.11358574610244988,0.9598244304278611,0.9411764705882353,0.9118539237314843,179000.0,120408.0,83.0,42.0,42.0,18.0,0.0,0.0,1.0
180000.0,2.945076527,5.369018717018265E-8,180000.0,0.9904261217377529,0.7756685731731484,0.965,0.826074857381383,0.9933075680160706,0.12866817155756208,0.9088165311151798,0.8421052631578947,0.8761841122597381,180000.0,120408.0,83.0,42.0,42.0,18.0,0.0,0.0,1.0
181000.0,2.959006154,5.4124089976840946E-8,181000.0,0.9934640522875817,0.8118308922096352,0.976,0.8642487867235311,0.9904261217377529,0.10987791342952276,0.9263268152359667,0.8686868686868687,0.914791785174869,181000.0,120408.0,83.0,42.0,42.0,18.0,0.0,0.0,1.0
182000.0,2.972944308,5.4558258396442965E-8,182000.0,0.9930978060471977,0.8266274953480154,0.969,0.8285777482857773,0.9934640522875817,0.10619469026548672,0.9304986847706352,0.8854166666666666,0.8895393229829472,182000.0,120408.0,83.0,42.0,42.0,18.0,0.0,0.0,1.0
183000.0,2.986899223,5.499294891508916E-8,183000.0,0.9896459096459096,0.7757114266805162,0.975,0.8434564809016903,0.9930978060471977,0.0989010989010989,0.9078412990032037,0.8333333333333334,0.9105869017139953,183000.0,120408.0,83.0,42.0,42.0,18.0,0.0,0.0,1.0
184000.0,3.000893908,5.542887825474763E-8,184000.0,0.9927398576357046,0.8281055189416806,0.965,0.8176589492987681,0.9896459096459096,0.11358574610244988,0.9272290445380686,0.8823529411764706,0.8743880317540813,184000.0,120408.0,83.0,42.0,42.0,18.0,0.0,0.0,1.0
185000.0,3.014867742,5.586517030478971E-8,185000.0,0.9840492911359053,0.7603850164567847,0.964,0.8161407952932043,0.9927398576357046,0.12485939257592801,0.9016537354487864,0.8288288288288288,0.8703775788244452,185000.0,120688.0,83.0,42.0,42.0,18.0,0.0,0.0,1.0
186000.0,3.029663649,5.6328109071356125E-8,186000.0,0.9922982635342186,0.8052314325816795,0.971,0.8547821732598896,0.9840492911359053,0.12359550561797752,0.9348217617552967,0.8909090909090909,0.8952417945232083,186000.0,120944.0,85.0,43.0,43.0,18.0,0.0,0.0,1.0
187000.0,3.044216478,5.679241768891818E-8,187000.0,0.9817722165474975,0.7664010068949729,0.963,0.8132633491470674,0.9922982635342186,0.12359550561797752,0.9090960163288612,0.8454545454545455,0.8659108527131781,187000.0,123328.0,85.0,43.0,43.0,18.0,0.0,0.0,1.0
188000.0,3.058265678,5.724065800218324E-8,188000.0,0.9903683213716108,0.8282857007475646,0.966,0.8042557111274867,0.9817722165474975,0.09649122807017543,0.934408112514897,0.8977272727272727,0.8763349326729607,188000.0,123328.0,85.0,43.0,43.0,18.0,0.0,0.0,1.0
189000.0,3.072378918,5.769094151432521E-8,189000.0,0.9884187027467038,0.7929250987198553,0.971,0.8289650616905327,0.9903683213716108,0.09769484083424808,0.9322701544846237,0.8876404494382022,0.8941421866852076,189000.0,123328.0,85.0,43.0,43.0,18.0,0.0,0.0,1.0
190000.0,3.086351076,5.813672379935987E-8,190000.0,0.990727464914025,0.7853651167387378,0.959,0.7914589733677847,0.9884187027467038,0.11982082866741321,0.9047186117513725,0.8411214953271028,0.8498573741423173,190000.0,123328.0,85.0,43.0,43.0,18.0,0.0,0.0,1.0
191000.0,3.100264656,5.858063715085593E-8,191000.0,0.9912330855727082,0.7854748232611081,0.97,0.836253479613558,0.990727464914025,0.10987791342952276,0.9280256613678667,0.8787878787878788,0.8897716561183463,191000.0,123328.0,85.0,43.0,43.0,18.0,0.0,0.0,1.0
192000.0,3.115055333,5.905247309706069E-8,192000.0,0.9926738172763838,0.8179687414377887,0.972,0.8387096774193546,0.9912330855727082,0.1013215859030837,0.9346846093225374,0.8913043478260869,0.8967642822851656,192000.0,123312.0,87.0,44.0,44.0,18.0,0.0,0.0,1.0
193000.0,3.129908166,5.953545224919707E-8,193000.0,0.9839698255539839,0.7980518162289585,0.963,0.7917932788619529,0.9926738172763838,0.1001100110011001,0.9241079522657805,0.8791208791208791,0.8631100716942068,193000.0,125696.0,87.0,44.0,44.0,18.0,0.0,0.0,1.0
194000.0,3.143986565,5.999426841710175E-8,194000.0,0.9854902962206333,0.7663565772391503,0.961,0.7967691505992703,0.9839698255539839,0.12359550561797752,0.8858437227432362,0.8,0.8552681919045066,194000.0,125976.0,87.0,44.0,44.0,18.0,0.0,0.0,1.0
195000.0,3.1581528,6.045700263414324E-8,195000.0,0.9855275618022329,0.7964834374266694,0.973,0.8359978618980513,0.9854902962206333,0.09649122807017543,0.9271726499455306,0.875,0.8994538232373386,195000.0,126264.0,87.0,44.0,44.0,18.0,0.0,0.0,1.0
196000.0,3.17232162,6.091982128914238E-8,196000.0,0.9917844920513652,0.8212559091999732,0.973,0.8658851579574806,0.9855275618022329,0.11982082866741321,0.9558494697440361,0.9345794392523364,0.8991442892264297,196000.0,126264.0,87.0,44.0,44.0,18.0,0.0,0.0,1.0
197000.0,3.186581438,6.138561235623847E-8,197000.0,0.9933197139938713,0.7809114728217724,0.969,0.8435449682042997,0.9917844920513652,0.12359550561797752,0.9252335927892699,0.8727272727272727,0.8838553850250089,197000.0,126264.0,87.0,44.0,44.0,18.0,0.0,0.0,1.0
198000.0,3.200825989,6.185090473308331E-8,198000.0,0.9835953520164047,0.7851544557943735,0.97,0.7938654353562001,0.9933197139938713,0.08225108225108226,0.9086807003421495,0.8421052631578947,0.8871944850637141,198000.0,126264.0,87.0,44.0,44.0,18.0,0.0,0.0,1.0
199000.0,3.216480973,6.237296020417577E-8,199000.0,0.9773716531564726,0.7838060184759904,0.959,0.8023143683702987,0.9835953520164047,0.12994350282485875,0.9063980124177033,0.8434782608695652,0.8453914954900325,199000.0,128904.0,89.0,45.0,45.0,18.0,0.0,0.0,1.0
200000.0,3.23099674,6.285702557143858E-8,200000.0,0.9901119967712643,0.8062937773920386,0.968,0.8237943680274878,0.9773716531564726,0.10987791342952276,0.9172966804277479,0.8585858585858586,0.8789506534773315,200000.0,128904.0,89.0,45.0,45.0,18.0,0.0,0.0,1.0
